TotalPop,UninsuredPop,MedHouseInc,GEOID
3195,39,206607,06085507904
8604,537,114300,06085508504
4871,218,152969,06085508505
7587,570,145500,06085508704
5779,361,112278,06085509403
3167,132,210529,06085509802
4624,156,250001,06085510200
5761,104,136065,06085510600
4335,93,176042,06085511800
4223,84,185795,06085511907
7737,185,221538,06085511909
6491,95,130460,06085512021
4120,131,103611,06085512026
8810,253,99619,06085503802
4704,152,108224,06085503803
5285,146,105036,06085503804
5532,187,111765,06085504307
7331,248,145000,06085504311
1981,96,123125,06085504413
4694,91,143864,06085504420
4239,116,114236,06085505007
3125,70,134688,06085505402
5568,88,108478,06085506204
6726,461,68917,06085506305
5784,331,95107,06085506402
3564,190,138000,06085506703
5953,254,49029,06007002700
3681,194,62756,06007003400
3530,138,79008,06007000601
4245,116,23577,06007000604
2625,72,57330,06007001900
3689,86,37557,06007001300
4075,190,50488,06007000201
4753,82,109444,06007001600
4974,149,56250,06007002000
4210,140,40318,06007003200
4083,35,47411,06007003300
3933,45,78038,06067000400
6353,320,48913,06067004202
5583,369,45966,06067004203
9867,483,49154,06067004300
3831,69,81658,06067005202
5997,417,32157,06067005505
2507,117,169455,06075042800
2373,65,82917,06037482702
7267,227,114831,06037500201
4988,194,133125,06037500202
2973,60,102875,06037500300
2703,51,53500,06037500500
6363,187,55446,06037500900
3669,19,43929,06037501400
2272,37,102292,06037501501
3311,149,68783,06037501802
4153,128,96591,06037501900
4957,274,71159,06037502401
4706,80,95046,06037401202
6120,196,80811,06037401311
4107,108,70642,06037401703
3457,133,36222,06037122410
3808,124,48902,06037123103
3872,52,37045,06037120020
5245,173,78000,06037119900
5238,274,70208,06037120300
2926,84,67375,06037121210
2811,122,82401,06037125600
4181,72,50481,06037123410
5539,142,89674,06037124700
5106,43,39977,06037125320
5008,243,31168,06037128210
2912,68,41570,06037128220
4803,190,55241,06037123601
4795,104,45338,06037123510
2816,81,45521,06037123520
4435,41,65278,06037123700
3551,32,50064,06037124102
3348,124,64364,06037124201
3907,114,75260,06037125200
4313,196,48958,06037125310
5838,284,55997,06037127210
6704,261,66875,06037131020
4941,144,41266,06037482301
3670,127,49295,06037482401
6262,42,70417,06037482600
5027,269,49464,06011000200
2252,77,51806,06011000400
2565,71,56809,06011000500
1594,54,65000,06021010502
8712,491,47824,06021010100
5018,115,54417,06021010200
7118,345,44004,06021010400
1956,43,47321,06021010300
3578,153,49952,06021010501
3681,8,25833,06007000603
3703,94,42114,06007000202
4764,265,37518,06007000300
4402,51,30791,06007000502
3883,199,27031,06007002800
2907,108,48897,06007002900
4573,108,52258,06007003100
4032,202,58681,06007000102
4388,73,35000,06007001100
5834,157,84811,06007001500
5727,75,57609,06007001702
4356,96,47784,06007001800
4263,67,44500,06007002300
4626,158,49722,06007000700
5664,231,80972,06007000800
3706,37,37955,06007001200
5138,98,53125,06007002200
5946,379,37054,06007002500
5884,249,85343,06059001303
3023,77,103611,06059001403
6931,188,126250,06059001505
8256,388,121079,06059001704
4002,223,98375,06059001705
3648,0,141597,06059001706
8430,441,51780,06059011601
5630,224,194375,06085508203
4122,113,176818,06085508204
4667,109,199861,06085508301
3241,147,139028,06085509302
3135,108,151000,06085509700
12972,770,47884,06029000101
8000,492,26030,06029001400
1967,83,22250,06029001600
6856,306,46440,06073016504
5188,210,106161,06073017051
3305,63,155208,06073017053
5731,171,101875,06073017054
5277,274,103336,06073017052
5453,220,124702,06073017055
7115,120,192028,06073017109
11906,474,151205,06073017110
4018,64,109189,06073017813
4073,203,77083,06073018613
4354,140,74712,06073019808
3987,49,99821,06073019809
4461,171,94211,06073020026
17461,800,123887,06073020027
4486,219,112609,06073017056
5700,207,51172,06073018614
4825,373,43295,06073020028
5808,220,42799,06073020029
5925,271,90240,06059052425
2561,29,111250,06059052506
7988,202,96596,06059052524
17197,219,36824,06059062614
3975,161,45214,06059062625
4160,143,128393,06059062635
3865,221,41250,06073020213
6194,201,29043,06073020214
5815,299,33645,06073020308
4410,233,81216,06073020309
5229,242,122283,06073020810
6100,241,117863,06073020811
6813,335,61337,06073021205
3274,158,119441,06073021206
7407,261,87188,06073021400
11078,329,177863,06073021500
3282,139,87604,06073021600
2403,111,144276,06073021800
4492,52,52952,06001403501
2044,0,71406,06001403502
2968,69,76762,06001403701
1930,22,95729,06001403702
2653,56,76801,06001404102
3017,36,97976,06001404101
2954,59,84917,06001405301
4202,172,65625,06007003600
3603,51,47896,06007002100
4793,154,61442,06007000501
6088,227,94375,06007001400
4660,136,40071,06007002400
4122,26,36948,06007001000
5007,168,64348,06031000403
9844,725,98075,06031000601
5962,193,82306,06031000602
4342,289,62941,06031000702
6631,374,32652,06031001100
2445,72,55670,06031001200
7956,250,43968,06031000900
4811,480,32134,06031001300
4671,95,43804,06031001500
6858,465,52450,06031000300
5656,158,79471,06031000701
2287,80,51875,06031000200
5055,215,46250,06031000800
10015,639,40523,06031001701
10622,479,67819,06031000404
5358,161,52304,06031000500
5094,140,46725,06031001002
94,0,,06017031900
6895,291,163571,06017031800
889,70,70855,06017032000
0,0,,06017990000
2532,110,23717,06019000501
3594,205,37283,06019000502
2759,102,31823,06019000901
5191,491,20117,06019000902
2420,130,33590,06019001303
5383,346,26467,06019001304
4798,341,27258,06019001407
2677,121,17417,06019001408
2174,90,95766,06019001409
12169,639,67790,06019001410
6926,367,47993,06019001411
2979,127,79750,06019001412
6823,393,93967,06019001413
8555,352,98477,06019001414
3791,143,23596,06019002903
3132,191,36884,06019002904
3046,208,38676,06019002905
4366,359,36036,06019003003
5466,237,63446,06037480011
8038,298,92837,06037480600
5329,210,49837,06037481712
2736,67,63563,06037481713
6156,214,54177,06037482303
3216,149,33940,06037482304
5362,278,66116,06037500800
4151,141,93750,06037503601
4212,196,110278,06037503602
5516,161,79886,06037503702
3628,246,24904,06037221401
3030,138,36008,06037221602
2851,67,37976,06037221402
3141,73,45288,06037221601
3142,103,71000,06037222001
2845,94,54622,06037234501
3017,226,33500,06037234502
5243,193,48641,06037222002
2615,251,34808,06037226001
1820,0,37643,06037226002
3321,229,22693,06037234901
4088,245,23981,06037234902
3118,142,30144,06037236203
3109,102,23677,06037236204
4409,123,33569,06037237101
3407,144,37849,06037237102
3814,163,44911,06037237201
4556,248,38438,06037237202
4217,80,41703,06037237401
3335,76,45875,06037237402
3753,212,36034,06037239201
5999,216,42609,06037239202
3729,100,44177,06037239501
4016,205,41250,06037239502
3682,193,43102,06037239601
4016,176,38295,06037239602
5134,386,36232,06037239701
3705,149,46938,06037239801
6379,322,42662,06037240401
4334,162,31189,06037239702
5461,209,42171,06037239802
3763,96,42422,06037240402
2412,51,52750,06019003004
5339,220,39474,06019003103
5229,365,45279,06019002906
4159,238,52347,06019003104
3179,46,33555,06019003301
4666,181,34805,06019003302
4581,207,42143,06019003702
3496,101,35476,06019003807
5042,263,66298,06019003808
3462,145,41979,06019003701
8458,439,64278,06019004001
7209,416,36554,06019004002
5461,176,105833,06037504002
4826,222,64623,06037504101
3971,66,88750,06037530005
3904,112,59940,06037530204
4240,183,32845,06037533402
3409,166,45972,06037531603
5934,273,33504,06107004200
7437,446,32021,06107004300
2369,161,31004,06107000202
7791,424,43364,06107001004
4930,303,62279,06037502005
6468,248,85160,06037502801
3221,122,47350,06037502802
5204,234,77795,06037503103
2542,60,62974,06037503104
4228,206,73611,06037503105
4091,92,68255,06037503106
2753,211,44736,06037531503
4250,141,48167,06037531504
4709,261,38232,06037533001
2705,147,38065,06037533002
3485,80,52143,06037533805
3794,254,41510,06037533806
7319,542,46061,06013336102
3403,48,127704,06013337100
2990,113,173816,06013338301
4144,89,130804,06013338201
7688,321,137819,06013345202
3406,50,191250,06013352101
6658,61,122708,06013352201
4397,109,239189,06013353002
6043,136,107686,06013359202
5173,121,82224,06013360200
3190,61,28462,06029002100
5633,331,29250,06029002200
7110,202,101372,06029002808
7424,539,45703,06029002900
8339,384,39809,06029003121
2260,52,103438,06029003203
11455,436,124211,06029003204
8602,613,131522,06029003803
4518,176,53187,06029000906
2521,167,44625,06029000907
11403,640,63141,06029000910
2586,210,24946,06029001500
3739,193,65833,06029001700
5614,145,47676,06029001801
4405,144,71964,06029003812
1963,33,74125,06029003900
8948,530,43879,06029004301
3267,0,,06029004601
5863,247,34127,06029004901
2437,19,53506,06029005103
4228,0,,06029006002
4074,156,37264,06029006301
7230,312,43278,06029006401
3394,129,24510,06029005900
6018,330,59663,06029006003
1225,44,45096,06029006004
3349,114,40132,06029000102
3411,106,43162,06029000902
2728,87,96964,06029000909
6840,330,37083,06029001102
9052,305,30851,06029002500
2112,96,62188,06029002806
5902,312,46101,06059087803
4743,241,58445,06059088104
6923,233,87708,06059088403
4488,168,69688,06059088602
7689,131,51472,06059088801
4984,99,59830,06059088802
3856,218,63913,06059089003
6883,367,51522,06059089004
6889,302,62042,06059089105
5346,269,64391,06059099222
6176,231,74396,06059099229
3476,96,118333,06059099246
5767,293,74962,06059099251
2373,66,47444,06001405302
3648,123,51018,06001405401
2698,118,51490,06001406602
3357,137,54093,06001405402
4426,297,42028,06001405901
4955,247,50380,06001406601
2942,108,44922,06001405902
3821,220,47917,06001407101
4387,213,53714,06001407102
2705,134,31151,06001410500
1659,0,82313,06001425101
4350,250,54155,06037432300
3705,35,52500,06037432401
6246,210,50570,06037433200
6196,138,131477,06037460100
6840,326,82847,06037461300
5664,279,39432,06037575802
3215,95,57727,06037183610
1291,24,94688,06037574602
4129,149,46199,06037575402
4423,0,62409,06037576602
8457,204,106337,06037577603
5167,97,53008,06037601002
5949,220,50094,06037601401
3709,152,51875,06037602004
6311,212,100333,06037602301
5199,280,55833,06037602403
7498,112,52656,06037603001
6492,228,100498,06037503401
45,1,42188,06037532400
6839,297,45432,06037402502
1394,79,72500,06037404600
5284,245,58497,06037301204
6707,123,71528,06037311600
3669,142,65893,06073013308
6733,195,94643,06073013309
7827,320,119016,06073013410
6698,233,86706,06073013418
3789,75,101094,06073013504
5799,242,93015,06073013601
4299,138,74750,06073013903
4670,185,49299,06073013907
5445,239,92375,06073014602
4818,107,56484,06073014803
5966,297,37781,06073015701
3453,71,58661,06073016617
3022,107,90862,06073016810
4818,51,84441,06073016811
2553,0,62052,06073017014
6673,109,84388,06073017019
15361,513,150203,06073017032
5575,121,106141,06073017037
4538,46,135990,06073017106
5006,195,38051,06037542502
3295,182,37589,06037542601
5934,222,60051,06037542602
7959,144,114388,06037543322
5696,200,74375,06037543503
1226,26,78393,06037550400
3548,114,47618,06037554101
6455,192,120176,06037554512
2758,83,97604,06037554513
2744,69,51896,06037554801
6378,147,73594,06037554802
2897,67,59018,06075026404
2495,127,179228,06075030600
3804,79,138182,06075031000
4551,13,35377,06075033201
4835,36,108198,06075011100
1790,24,63250,06075011700
1590,10,38063,06073005700
3953,62,104728,06073005800
2971,31,73696,06073006801
10106,742,109356,06073018611
2826,114,85500,06073019203
4068,262,54500,06073019501
4412,159,119667,06073019804
4264,158,49469,06073019805
8741,404,50972,06073020018
6524,407,60328,06073020108
2208,23,125132,06073020401
5025,201,85278,06073020404
8339,471,104227,06073020709
6155,413,76304,06073007800
3004,95,127250,06073008002
3841,115,114625,06073008349
5133,172,103114,06073008353
4939,148,93233,06073008357
6933,209,85714,06073008503
4620,124,81146,06073008506
5686,115,79827,06073008901
5095,115,69496,06073009107
767,5,,06073009901
5341,264,74118,06073010109
4807,148,110602,06073011100
2104,83,45688,06073012101
7132,312,139265,06037621104
3052,84,109671,06037621204
3740,182,92710,06037621324
3017,29,102057,06037621326
3202,81,63906,06037650003
4125,85,75994,06037650004
4758,246,137024,06037650401
4852,202,86690,06037651304
2521,12,90938,06037651401
5567,368,58413,06037650604
3064,161,80625,06037650605
6236,304,101341,06037651402
5091,89,214681,06037670324
3613,131,158125,06037670326
4730,62,193262,06037670328
4513,110,97788,06037670416
6862,76,155688,06037670602
5200,63,57260,06037700101
4506,22,43202,06037700102
3526,39,76637,06037700501
4387,0,73500,06037700502
4610,31,83333,06037700801
4092,93,85078,06037700802
1696,64,128333,06059042106
5175,117,86853,06059042109
3433,0,41875,06059062646
4016,109,74514,06059063201
5387,193,48206,06059063605
6583,261,69005,06059063702
5725,81,86884,06059063908
4939,217,84665,06059074108
5691,16,153672,06075016600
3008,34,54375,06075017902
3823,172,195905,06075021400
4556,210,160417,06075021700
2438,10,113281,06075022802
4856,112,88368,06075022901
2483,46,138571,06075022902
3240,106,117313,06075022903
4084,115,91845,06075023003
4082,168,80250,06075026403
4529,169,117663,06075030201
4348,182,146111,06075030302
5316,184,53483,06071010415
2645,126,51814,06071011900
9458,132,79293,06071007302
4865,144,75192,06071008200
7740,435,40701,06071009710
7582,282,66580,06071010412
7565,482,92855,06085512017
4661,106,156250,06085512031
5026,87,136118,06085512309
5884,114,109292,06085500600
5659,32,45000,06085500902
5093,207,84966,06085502001
7726,317,75515,06085502102
2735,100,91544,06085502202
6909,154,128889,06085502400
6746,475,179205,06085502500
5810,279,85809,06085503305
4373,210,87361,06085503306
6346,287,98378,06085503504
6781,199,128485,06085504315
7633,220,124963,06085504319
3591,125,56591,06015000202
3302,128,41875,06015000102
5963,255,66143,06011000300
5647,241,65238,06011000100
2358,16,45909,06111001302
5418,246,95938,06111001402
5106,231,53990,06111001503
3467,91,86332,06111005907
8324,387,102717,06111006100
3618,49,123625,06111006302
1997,16,204773,06111007300
5981,123,138201,06111007402
6469,129,164097,06111007507
5736,292,83914,06111008302
5574,208,123344,06111008402
4957,134,85703,06111001101
4103,165,97679,06111001401
5348,174,250001,06081605700
4110,105,92007,06081606300
4089,64,94688,06081607200
5221,161,190843,06085504414
5836,247,151944,06085504415
5584,103,116409,06073017601
3093,124,138879,06073000100
3207,60,70500,06073000600
3336,106,73421,06073012003
5992,73,36383,06073013203
3970,181,40987,06073013204
5205,241,73977,06073013301
5111,103,59637,06073013303
4780,181,88795,06073013307
4374,197,79053,06073013401
1302,31,103587,06073013415
6265,132,64089,06073013503
4103,125,71000,06073013506
5528,290,64022,06073013702
5051,141,86302,06073014002
3370,175,69306,06073014101
4112,118,56865,06073014804
6916,161,80476,06073019904
3910,158,85778,06097153403
10263,255,117070,06097153801
2631,45,103393,06097150100
7691,197,77690,06097150603
4915,126,108281,06097150702
3968,24,89792,06097151000
4970,338,62809,06097151301
3535,116,57679,06097152203
7207,89,104951,06097153005
8327,407,69280,06097153200
4266,85,94023,06097153502
4071,56,60901,06097153704
4966,75,83375,06097153901
3423,91,107740,06097150902
3841,141,63125,06097151306
3876,125,105909,06097153903
3644,127,104792,06097154100
4858,125,28047,06067006900
2420,60,57250,06067008137
5894,77,96563,06067008210
3623,104,60208,06067008404
2713,20,124738,06067008702
4761,106,71066,06067008905
4858,141,52207,06067008908
3861,139,53098,06067008910
3755,209,116250,06067000200
4771,189,70847,06073020025
3342,71,57128,06073020017
6847,200,86295,06073020022
4656,203,90885,06073020023
4029,86,76475,06073020105
5084,200,54179,06073020210
1818,70,119821,06073020710
5405,235,82806,06073020109
7789,203,146838,06013340002
4850,89,110208,06013343001
5610,53,250001,06013346102
6426,162,188247,06013347000
4008,184,224318,06013353001
4379,86,100950,06013356001
4514,205,64464,06013366001
4897,207,61196,06013375000
5150,159,76786,06013301000
3803,102,54702,06013307201
6257,377,60326,06013310000
4595,233,75603,06013313102
5634,270,90273,06013321200
5592,159,92543,06013330000
5236,235,69022,06013336101
8470,397,75854,06013337200
6097,205,126950,06013337300
7248,161,107946,06013359203
2850,53,102450,06013370000
3538,59,63839,06013386000
2271,59,107813,06013389100
1779,55,78929,06013389200
6561,355,39987,06013305000
2243,48,32474,06013312000
9278,370,65269,06013314104
3862,190,79658,06013315000
3671,199,98365,06013320001
7557,550,54750,06013307205
7653,90,73185,06013308001
7748,490,57500,06013314200
3787,114,113393,06037480201
5407,126,57802,06037480901
3299,75,66500,06037481300
3486,185,56159,06037481603
2739,42,42604,06037481714
4486,78,105227,06059110008
2799,180,101563,06059110011
6393,247,88361,06059110117
2355,75,186875,06059110118
8018,341,64904,06059110202
6980,237,93173,06059110301
4661,44,92656,06059110303
4906,154,97500,06059110401
3354,69,133250,06059110015
2959,23,118958,06059099512
4265,31,81694,06059099905
3248,105,129342,06059110006
5274,185,74318,06059110014
5631,126,80536,06059110104
4966,115,101691,06059110304
4254,171,85605,06059110607
4335,179,102115,06059099405
4779,165,96250,06059099406
4875,140,96509,06059099412
621,81,67656,06059099502
3352,0,39471,06059099509
4897,18,122143,06059099514
7230,307,50492,06059099601
7113,337,109922,06059099603
6157,164,87793,06059099703
6116,198,46912,06059099904
5148,226,128674,06059110007
2677,64,91597,06059110108
8902,392,110605,06065042008
5820,168,57366,06065042206
2635,70,130625,06065042208
4675,209,65833,06065042406
3411,267,73056,06065042407
9138,454,58301,06065042506
3795,299,31956,06065042515
5149,351,69531,06065042708
10637,381,50568,06065042904
7243,427,42576,06065043003
2892,68,36528,06065043308
4559,282,47279,06065043312
4831,151,24887,06065043405
6592,141,47930,06065043506
4328,30,44223,06065043701
2090,58,116513,06065042401
12367,673,155461,06085504504
8116,240,197031,06085507703
3941,128,123623,06085506502
4387,227,102436,06085506605
4468,149,117917,06085506606
3383,78,192979,06085507807
3230,175,44623,06037540700
5629,164,58929,06037404702
4897,104,64628,06037403721
3174,50,83750,06037403901
6277,278,64643,06037404100
4196,111,61921,06037404802
6029,106,80042,06037405001
5550,229,103484,06037406601
5198,82,91591,06037406602
4949,85,84458,06037407301
6744,194,75664,06037407702
2572,64,32266,06037123206
4530,77,57031,06037123301
3720,211,49833,06037534302
5632,192,75972,06037920029
3979,206,99620,06037920040
7130,356,146310,06037920043
2933,142,127625,06037920104
3136,62,61629,06037534802
3736,150,51475,06037534804
4913,94,140918,06059042323
2526,65,216818,06059042328
3472,74,100842,06059042339
6480,169,172422,06059062633
4067,127,106957,06059062636
5376,216,88986,06059062641
3705,126,95179,06111006800
3786,99,160156,06111008305
5271,170,91958,06111008401
3373,105,122000,06111001700
7385,321,122545,06111001202
3036,87,78818,06111001204
4794,214,39464,06073020207
6597,148,131719,06073020706
6379,258,64589,06073020806
2235,34,92908,06073020902
2223,44,58558,06073020904
5881,297,153493,06073008327
7345,261,81214,06073008502
7812,376,85707,06073008507
7369,254,82500,06073008509
7083,214,62753,06073008510
7124,194,119980,06073009505
4883,209,85048,06073009509
4232,94,121116,06073009705
0,0,,06073009902
5218,343,62250,06073010004
6284,193,46354,06073010103
6700,152,154417,06059042112
6813,272,136211,06059042205
7090,526,125709,06059042307
1260,74,61667,06111001601
3032,47,144946,06111006200
7186,231,128147,06111007506
0,0,,06037990100
0,0,,06037990300
5692,260,74107,06039000106
2161,53,55694,06039000109
0,0,,06037990200
6669,183,67358,06039000108
8718,143,73311,06039000201
5738,287,73060,06039000202
5963,256,39455,06039000603
5485,332,34239,06039000604
6142,116,125833,06041102202
5761,274,70344,06041102203
4280,115,103344,06041109001
3851,108,111888,06041109002
8175,843,49333,06041112201
4771,380,62886,06041112202
3601,61,84056,06041119201
3546,117,194808,06041119202
3232,43,133611,06041130201
4377,14,105913,06041130202
1234,85,138750,06041131100
4625,111,46699,06037128102
4369,61,48173,06037128601
3472,106,85284,06037128602
3419,127,65449,06037128801
4670,216,89735,06037128802
5587,198,71595,06037131701
3770,116,68083,06037131702
3463,145,83039,06037132001
3354,111,109891,06037132002
4645,120,73550,06037132101
5401,84,49838,06037132102
2653,76,80708,06037600601
5739,199,66520,06037276100
6014,227,139458,06037300100
4019,36,24851,06037302201
5569,27,44986,06037190301
3564,89,65438,06037197420
3904,241,47219,06037205110
7508,148,37330,06037208000
4472,146,30926,06037209401
7188,359,64386,06073010107
6061,122,60208,06073013000
2549,113,71719,06073013312
4608,88,136500,06037400207
3906,157,106875,06037400403
4268,25,135038,06037400404
2049,64,145417,06037400501
2074,22,107938,06037401303
5449,49,132026,06037401304
3294,162,83409,06037402001
4125,169,55946,06037402002
4080,287,50625,06037402303
4057,246,39427,06037402304
2875,164,55000,06037402405
3254,118,80000,06037402705
3834,153,69875,06037402706
5329,189,49679,06037402406
3270,224,48090,06037402803
4238,221,54063,06037402804
4363,264,56667,06037402903
3705,176,71637,06037402904
3519,218,54896,06037404201
4252,85,68537,06037404202
2638,99,76394,06037404503
5073,211,57206,06037404504
3469,157,61654,06037405301
5433,275,57159,06037405302
3862,114,95036,06037405701
4957,150,83558,06037405702
3082,61,83906,06037406701
6375,247,79990,06037406702
6346,344,52386,06045010600
4989,147,57344,06045010900
6344,271,41628,06045010700
1869,68,59348,06045010802
5673,207,46234,06045011300
2674,175,38345,06045010100
3542,55,38274,06045010200
3276,57,49853,06045010400
5322,100,63281,06045010801
4687,375,44298,06045010500
4115,104,49522,06045010300
5567,107,122927,06087101100
3054,98,91212,06087120302
5738,98,122596,06087120500
2328,28,115919,06087122202
3796,112,92847,06087122300
7156,297,88256,06087100200
5257,133,68967,06059075507
21127,929,88761,06059075515
3028,45,136875,06059075810
1938,60,184821,06085509901
4246,131,198468,06085510300
5416,315,104634,06085502909
5553,288,78607,06085512023
4359,123,148500,06085504202
4168,135,99125,06085505302
3923,149,173000,06085506603
7487,180,158826,06085508001
6564,104,250001,06085510001
4752,159,118000,06085506000
3705,125,248333,06085510400
2518,68,186250,06085508303
3408,122,209167,06085511905
8784,345,184091,06085512308
4592,87,108125,06085503211
7263,135,193466,06085503326
269,12,109583,06085504417
7372,352,105929,06085503115
4449,127,96979,06085503509
2931,85,161979,06085504320
4365,245,115398,06085505500
6063,223,149514,06085507905
6833,259,189453,06085511000
5760,118,95750,06041104102
6768,215,200625,06085508101
4708,124,144145,06085509202
3607,83,122180,06085509304
3806,124,109828,06085509401
5606,173,134496,06085509801
4960,199,162982,06067008509
4473,166,89231,06085512052
4451,126,106081,06085512053
4211,126,115664,06085512311
3624,194,128646,06085512312
5050,256,81607,06085512310
6522,469,81875,06085512314
3843,168,81579,06085512313
5952,246,121214,06085512509
7345,245,94095,06085512510
4634,178,66176,06085512603
4886,172,74421,06085512604
9578,98,40703,06085513000
5674,137,55945,06067003800
5832,162,60711,06067004001
5107,262,42297,06067004100
8155,439,41047,06067004601
5177,176,29595,06067004802
5824,160,57509,06067004904
5779,289,34110,06067005502
3143,163,91957,06067005701
6226,118,86919,06067008206
7012,145,141513,06067008501
6539,229,83171,06067009311
5745,210,61535,06073009201
7880,455,117409,06073009706
5431,166,44609,06073010010
3758,78,61801,06073010104
5815,240,45417,06073010106
4485,247,61131,06073010300
6131,236,47054,06073010402
6440,197,199613,06073008328
5271,321,144327,06073008330
4910,126,150597,06073008346
3687,100,92526,06073008352
4157,131,93500,06073009103
9191,338,76026,06073009304
4171,139,36792,06073004800
1811,323,51250,06073006600
3114,73,150673,06073007002
3319,115,62300,06073007502
4216,286,91340,06073009502
3192,145,73770,06073008701
3194,62,107366,06073009104
3045,50,50156,06073020903
2706,65,45952,06073021000
6200,227,73232,06053013800
3539,153,124500,06053010102
4555,132,105063,06053010305
12388,638,73873,06053011102
7263,327,63827,06053011202
2755,37,88370,06053012200
1525,50,95000,06053013400
5029,281,70651,06053013500
4799,222,81321,06053010605
5924,515,50052,06053011101
2072,74,81042,06053012302
3472,58,76750,06053012700
2362,21,60500,06053013900
4471,235,73032,06053014302
2427,164,52218,06053014000
3963,148,55208,06053001700
5802,440,52188,06053000800
3506,114,112702,06075015600
4167,93,151453,06075010200
5038,142,108879,06075010800
3895,67,120508,06075033100
5600,232,107475,06075040200
4664,209,79385,06073003001
3136,68,69074,06097152100
4115,144,108947,06097152300
8367,174,130845,06097152400
8131,245,119722,06097152600
5976,290,81189,06097153102
3936,59,69081,06097153705
4440,111,64746,06097153706
3848,89,80341,06097154302
4617,291,76250,06097153902
4493,95,81827,06097150303
5610,188,105253,06097150304
4413,182,90114,06097150601
4460,226,82931,06097151203
8050,279,71539,06097151401
5053,258,64772,06097150901
7069,192,72985,06097151201
5119,214,65119,06097151308
5737,155,108370,06097151309
3782,130,58125,06097152502
4927,99,94280,06097150202
3600,46,86143,06037700901
1101,15,45536,06037701100
2691,103,53889,06037195802
3900,143,40071,06037191120
4646,177,42538,06037191410
4451,95,98461,06037195400
5332,204,54759,06037197700
5391,224,57625,06037199000
4202,16,81172,06037199300
3063,77,42614,06037199700
4995,200,55352,06037201402
3353,130,57054,06037203900
3394,34,83899,06037603200
2057,31,71071,06037609900
4502,229,199408,06037620303
6198,327,77917,06037552800
3214,71,49950,06037553300
4699,262,48333,06037553601
2314,25,143889,06037403407
5011,34,61625,06037122120
4027,183,36518,06037123010
4657,163,104392,06037128910
4183,283,37606,06037134305
5836,229,46050,06037134710
4708,184,116321,06037135202
4449,204,145286,06037137302
4126,67,153523,06037139802
6037,164,92769,06037141302
4389,172,100948,06037143100
5770,152,138151,06037143800
6365,462,34095,06037402702
5573,194,163942,06075030400
6212,202,126713,06037701304
5577,51,103590,06037701402
4659,50,67422,06037701902
6443,239,91859,06037702002
6065,144,81727,06037702102
6895,290,76992,06037920035
5533,116,146543,06037800203
4495,126,138306,06037800204
5827,80,92740,06037800327
2733,26,105625,06037800328
6953,230,94250,06037800329
882,49,134250,06037800330
5268,301,68500,06037572700
7547,495,60616,06037573100
1642,95,75040,06037573401
5165,191,137909,06037574000
133,0,,06037574700
3697,40,121429,06037574901
4772,174,46050,06037575201
4360,167,37969,06037575300
4788,341,32452,06037575401
93,0,14271,06037575500
3578,38,143750,06087121000
4271,54,83142,06087121300
7275,581,44677,06087110300
3971,82,107132,06087122203
6578,116,78262,06087121600
7760,426,55396,06087110100
4884,108,106528,06087120400
894,28,26600,06105000400
2011,25,45109,06105000200
3182,29,31712,06105000300
4121,152,42063,06037206010
5813,305,77813,06111007700
5361,169,91333,06111007901
5042,123,133607,06111007903
2622,21,100758,06111002000
3010,71,84155,06111002600
4230,177,54265,06111003201
8956,421,69703,06111003300
6687,392,79667,06111003700
6984,382,58396,06111003900
3335,45,81927,06111005909
3643,75,106250,06111005911
4072,154,59250,06111007800
5020,79,83675,06111008002
3233,65,91607,06111008101
6623,218,131289,06111005901
4364,153,78138,06111005503
10497,284,84832,06111005600
6463,172,115431,06111005906
6859,296,118750,06111006400
4129,129,110000,06111006600
4795,186,51233,06071008705
4304,177,88365,06071008708
7661,263,52357,06071009107
5540,211,40820,06071010011
6111,289,52011,06037535200
6524,431,43000,06037535300
5638,237,54157,06037535702
4246,274,49813,06037535803
5578,81,51968,06037535901
3059,169,37027,06037541603
5917,386,42188,06037541604
4891,222,58934,06037542501
5446,267,90022,06037543321
4218,197,82132,06037543502
7329,298,71875,06037550100
8316,218,86674,06037550500
7281,258,96514,06037551000
5686,365,48077,06037552200
3528,17,129360,06073008312
4225,81,94821,06073008351
3344,11,72550,06073005900
4318,125,71637,06073007903
7427,479,97340,06073016901
5686,183,119855,06073017401
7185,99,42518,06073013206
8876,538,118579,06073013419
2468,64,142847,06073015406
3069,129,220417,06037264000
2878,0,21228,06037265304
1495,76,117885,06037265410
4274,281,88656,06037269100
3546,71,89450,06037269700
2542,116,74323,06037270300
3918,242,67446,06037271702
2895,30,96719,06037273700
5059,193,96917,06037275302
3108,71,83768,06037293301
4874,236,70272,06037294200
5082,247,49979,06037294510
4190,95,150489,06037301400
1790,20,94375,06037301501
2962,92,84688,06037301701
4288,142,61005,06037302104
3612,277,122188,06037480703
4109,105,50127,06037480902
3248,104,67039,06037480903
5646,235,60275,06037481002
4000,166,53024,06037481102
2387,96,50000,06111000200
1859,0,158000,06111007606
4024,155,79358,06111003608
3339,181,46579,06111005002
5437,110,176635,06111005305
8257,246,76067,06111000302
2503,182,90156,06111001602
5965,183,129861,06111007403
6243,204,143017,06111007607
5992,149,52671,06099003909
5330,36,94940,06099000101
4136,103,102500,06099000102
4519,273,63821,06099000806
5329,211,62279,06099000304
4029,97,71146,06099000403
5680,223,62315,06099000505
4870,133,62019,06099000911
2864,84,61049,06099002803
8359,323,79705,06099002902
4319,253,92500,06099003905
2428,92,30397,06099003908
6944,217,64416,06099002501
9218,401,93060,06099003604
17848,1156,76440,06099003202
6451,284,36962,06099001603
6206,461,38375,06099002200
7837,351,52770,06099003002
7963,438,65202,06099000202
6076,224,71595,06099003300
4806,195,48418,06099003201
7359,488,29406,06067006201
7004,322,45544,06067006500
7336,454,60538,06067007014
4274,149,80945,06067007206
2081,65,52656,06067007504
4542,139,98025,06067008005
4416,165,47033,06067008135
3720,121,44189,06067008139
4142,190,58365,06067008143
2847,111,87727,06067008144
5458,179,50234,06067008907
2706,105,86797,06111008005
3086,63,89444,06067008912
6865,483,57389,06067007011
19689,1119,120247,06073013313
5160,110,99974,06073013411
4916,278,79395,06073015100
2619,90,129318,06073015403
4747,316,71360,06095253108
4123,62,70337,06095253203
4160,241,53042,06095252608
3739,108,109306,06095252107
6226,354,49989,06095252605
3857,82,114792,06095252903
3211,72,57634,06095251701
4739,128,89554,06095252000
3305,85,113319,06095252105
5465,226,55273,06095252606
4437,298,74161,06095252703
5233,220,62218,06095252707
4788,213,107688,06095253201
3529,73,64441,06095250701
2654,283,22188,06095250900
2623,87,70417,06095251702
6173,436,62222,06095251902
5963,283,74506,06095251903
5659,130,145943,06095252104
3471,102,112335,06095252909
5610,138,98056,06095252910
2648,70,87639,06095253300
4355,124,61739,06095250200
2654,130,50306,06095251000
3485,114,94036,06095251804
4186,117,104875,06095252106
3038,65,55802,06095250300
3578,74,83194,06095250502
5753,139,91389,06095252103
5549,294,61719,06095252402
2106,109,44438,06095252502
9608,320,88825,06059074200
6300,433,55984,06059074408
5288,356,49619,06059074805
9933,447,50658,06059074901
5267,271,44276,06059075004
3857,94,79931,06059075504
5894,158,96113,06041104200
5598,228,95638,06041106002
2290,60,224500,06041118100
5453,137,147763,06041121100
1825,27,85903,06041132100
2677,51,147581,06041101100
3015,59,118167,06041101200
4412,149,41094,06029002813
4050,133,79688,06029002818
4084,103,41346,06029003103
7970,780,46659,06029003122
7448,219,29099,06029000200
8331,615,121102,06029000503
6282,336,32292,06029001101
6049,527,23096,06029001202
5613,230,60660,06029001802
4300,191,20791,06029000400
6089,259,87869,06077005127
6246,278,38355,06077002701
3930,181,44000,06077003111
4993,112,52946,06077003306
4375,242,53397,06077003305
2048,79,19200,06077000300
10290,868,48726,06077001500
2816,44,78375,06077003210
3266,89,96118,06077003214
5225,210,42939,06077003307
2671,202,36200,06077003407
2215,74,46607,06077004001
9919,405,91364,06077004102
4068,174,49976,06077004203
2924,114,57931,06077004204
5947,254,101957,06077005003
5993,353,83600,06077005004
8926,390,102361,06077005106
7083,271,65383,06077005305
5620,269,48113,06077000900
7034,275,100769,06073009202
4681,122,126442,06073009506
4174,153,91653,06073009602
3628,203,86250,06073009604
4991,288,78359,06073010001
5670,76,43856,06073010013
3821,160,99083,06073010015
3230,106,46723,06073010111
5455,174,47133,06073010502
3567,97,102578,06073011000
2467,18,137083,06073011300
3548,126,27101,06073012002
4676,148,57945,06071003612
5112,123,69394,06071003801
5531,122,58785,06071003803
4951,233,57473,06071003804
4366,220,56576,06071004001
5975,310,60737,06071004003
5599,268,70964,06071004004
6404,355,59288,06071004101
6290,289,51161,06071004103
6360,537,41533,06071004104
4449,154,59000,06071004301
3655,53,31111,06071004302
5054,162,54650,06071004403
4598,251,48571,06071004404
4989,308,55500,06071004505
5498,353,42917,06071004507
5251,196,83722,06071004509
5422,194,47370,06071004510
5526,319,38848,06071004603
5621,265,49453,06071004604
1580,47,15928,06071005701
4995,369,33843,06071006203
4277,259,35280,06071006204
4477,158,52056,06071006601
6248,311,67083,06071006603
3383,136,49816,06071006604
6611,335,56757,06071007109
5084,235,83211,06071007110
5039,78,36896,06071007303
4909,251,38018,06071007305
6070,193,52702,06071007306
5401,96,84744,06097150800
6083,360,41806,06019006602
4699,161,59315,06019005801
3617,138,39796,06019002200
4750,289,22514,06019000600
4528,194,70880,06019003600
3136,62,68857,06019004601
4435,169,25114,06019002800
7095,221,108971,06019005505
3339,125,40000,06019006802
3437,94,128406,06029002811
6941,678,30728,06029002000
5903,119,37043,06029002700
6123,125,74786,06029003124
10535,427,71283,06039000507
4296,221,31966,06039000602
4144,146,68667,06037201120
2893,136,46976,06037201200
5367,230,60088,06037201501
5514,122,64769,06037201700
2000,92,39750,06037203300
8947,0,100809,06037206020
4351,105,52537,06037208610
4446,230,48910,06037208620
5950,365,29190,06037209102
2596,107,75469,06037211701
2788,130,106550,06037135201
5067,129,123542,06037137000
4915,373,92156,06037137501
4702,82,89507,06037651002
5018,207,139643,06037651201
3697,148,92083,06037651221
2733,48,153667,06037670403
4433,100,143721,06037670413
7185,224,132527,06037670701
6223,17,94315,06037700300
5267,248,107621,06037701501
3305,119,75417,06037701701
4110,84,90769,06037702201
3435,89,135430,06037702700
4679,131,62061,06037702801
6503,250,109389,06037703001
7261,301,58949,06037900504
5542,283,36000,06037900602
4649,270,90625,06075026004
5048,132,130050,06075030101
8127,249,127219,06075033000
4782,241,108698,06075025403
3738,127,78891,06075026401
4438,93,128417,06075030202
7487,263,100266,06075035300
5670,194,113944,06075047600
3429,0,63281,06075010600
4839,193,80500,06075061000
3548,94,151750,06075020300
4793,139,179018,06075020700
6458,260,105039,06075020800
4080,187,184620,06075021100
3105,63,195375,06075021200
2590,144,156458,06075021300
5548,65,25323,06075010700
3278,40,121406,06075016200
3254,104,128594,06075016900
5256,295,152813,06075025200
3889,57,62414,06075010100
3329,26,128333,06075011200
3742,72,194412,06075013400
2624,0,107568,06075015100
4261,125,99167,06073013416
2071,51,135577,06073013417
4198,119,64330,06073014102
4854,175,46145,06073014601
8008,380,73459,06073014700
7831,347,62316,06073015404
5178,294,53458,06073015902
8974,677,127640,06059052422
4884,186,85000,06059052424
2891,68,116613,06001443001
5244,352,124338,06001450200
4954,121,106477,06001427800
7277,205,140405,06001428301
3654,67,94514,06001433000
7991,410,58521,06001433200
4659,305,113659,06001435200
2704,96,142857,06001436402
3536,134,85543,06001437600
7596,243,100776,06001440301
4122,131,78350,06001407700
2125,84,67708,06071011500
3263,73,54237,06071001803
7566,373,62743,06071002602
4691,135,48238,06071002901
6182,148,54103,06071002902
7323,325,64773,06071010018
7903,560,32596,06071009500
6537,325,52921,06071009713
7658,403,34679,06071009716
9593,638,44383,06071010402
3096,147,44881,06071010409
6659,269,30594,06071010411
4011,138,34841,06071010700
4911,313,52117,06071010019
4692,241,48182,06071010022
5354,178,61144,06071010024
7733,497,49985,06071011800
8818,553,81657,06071009715
4965,213,51533,06071010012
4305,254,102946,06085501102
3226,175,50346,06085501401
3000,63,104615,06085502302
4116,119,97550,06085502604
3071,125,57857,06085503117
5286,181,83162,06085503118
4788,197,55719,06085503121
3602,102,26019,06085503122
2830,144,151696,06085502603
3901,109,47636,06085503123
4107,92,190282,06085503329
7849,93,210313,06085503330
3405,68,103661,06085503331
5642,138,109344,06085503332
4495,60,120250,06085503322
3859,105,139479,06085512200
4568,217,101719,06085506601
3998,136,160577,06085506701
5860,139,141250,06085506702
7344,240,158750,06085506803
5858,59,205726,06085507401
5054,158,141186,06085508602
8274,475,157357,06085508703
3884,160,127870,06085508800
6188,266,73182,06037481202
2558,92,94531,06037481800
2650,76,90179,06037482001
6760,141,66103,06037482002
4478,148,65786,06037482522
4912,70,56920,06037500600
4864,57,96071,06037501200
6937,191,68882,06037502200
6919,153,77065,06037502700
5816,124,94375,06037502901
3851,41,92772,06037503801
2942,150,107361,06037503901
7254,295,57445,06037543100
5124,157,46250,06037543202
5872,113,86435,06037543304
5226,204,98704,06037543604
3949,285,49417,06037302002
7622,276,86250,06037503703
4416,121,103523,06059063803
4356,239,58563,06059099249
4963,135,61023,06059062611
3549,54,53316,06059062627
3618,168,67375,06067007209
5422,177,63004,06067007403
9610,484,93085,06067007421
2709,169,54068,06067007422
6866,415,43322,06067007501
7016,398,44022,06067007701
5634,133,60299,06067007801
3657,150,63340,06067008113
4794,98,109333,06059052526
5700,192,67636,06037404901
6596,370,73566,06037405500
4389,88,75023,06037408401
6646,200,86667,06037408402
3583,172,27420,06037910402
3482,105,102225,06037920331
4780,231,127983,06037138000
4631,123,82443,06037181600
2963,92,76042,06037187200
3096,150,61190,06037191420
5548,180,99660,06037195500
5042,284,74167,06037408212
4037,120,81379,06037408626
5655,169,73548,06037431800
4221,182,68306,06037460302
3138,83,136389,06037463700
2846,18,201250,06037400205
1862,0,,06037402404
1836,29,152321,06037108104
3509,220,66793,06037113301
6537,336,49500,06065042723
7090,534,44654,06065043001
5960,220,56400,06065043005
3336,183,98750,06065043217
5029,63,102554,06065043222
5142,130,56187,06065043306
2741,197,31505,06065043403
6814,112,44055,06065043508
6885,545,63188,06077005110
3429,187,49034,06077003602
6399,367,50372,06077004302
8606,162,106563,06077005202
4438,201,49450,06077001800
6505,220,62008,06077004201
8947,629,87149,06077005119
1703,92,27396,06077000600
6844,363,36839,06077003113
6320,287,77596,06077004305
3882,85,50056,06077005126
4103,253,50893,06077003110
3938,192,28177,06077003406
4209,154,45093,06077005109
2280,97,24770,06077000500
0,0,,06061990000
2145,66,57125,06063000501
1649,25,75096,06063000502
1201,16,56742,06065030101
2277,104,66711,06065030103
7650,185,70270,06065030104
4499,184,50757,06065031601
4542,240,80889,06065040101
7493,474,54727,06037402600
6903,97,64583,06037402902
6950,370,62300,06037403000
3703,90,108822,06037403322
5348,279,118481,06037403325
6690,149,76635,06037403600
5628,447,57377,06037403722
5665,184,75931,06037404701
3110,169,55455,06037404703
5617,319,78667,06037405101
5553,282,87102,06037405600
3951,143,63672,06037405900
5206,135,79203,06037406000
2002,104,75398,06037406411
2123,47,85156,06037406412
1977,62,96164,06037407400
3836,146,85968,06037408302
6673,223,120721,06037408503
2958,114,89107,06037408624
4975,296,84234,06037480012
6146,378,92743,06037462500
6979,342,59693,06071007409
5922,305,39293,06071007410
5166,360,43068,06071007603
4806,130,67704,06071007604
4512,167,99923,06071007903
6378,339,126042,06071007904
6112,204,74848,06071008601
4182,126,60272,06071008602
4035,70,49500,06071008709
4417,156,32438,06071008710
6639,309,62120,06071009109
2671,27,112826,06001423601
5201,118,101678,06001427700
3743,222,133547,06037271400
5694,273,93972,06037271701
3071,93,55417,06037271801
2872,40,96750,06037273800
4071,85,158056,06037276400
5674,53,91667,06037276500
3100,95,124219,06037277100
6289,224,64273,06037293201
4278,194,49952,06037294810
5835,110,129025,06037300701
6750,88,50205,06037301502
6112,161,39053,06037301601
5946,132,76602,06037302102
2766,86,110508,06037143902
3111,139,55909,06037183620
3597,123,112250,06037187300
2201,30,96793,06037189702
2705,139,59395,06037199110
3224,121,32355,06037191720
3909,164,59719,06037197200
2692,109,39184,06037199900
6018,240,112611,06037650101
2961,52,70625,06037574800
5549,145,51108,06037574902
5171,200,53933,06037575103
5208,110,44855,06037575902
5021,207,47083,06037576401
7767,517,34819,06037600202
4147,171,64625,06037600400
2542,141,42143,06037600602
2805,119,106146,06083002006
10983,357,82839,06083002007
4008,140,88333,06083002009
4495,371,51655,06083002103
3613,137,69074,06083002209
6440,375,50361,06083002706
5033,222,38818,06083002206
6601,424,78152,06083002303
7781,618,33734,06083002702
4416,228,50887,06083002703
7591,304,87261,06083002802
2505,152,66845,06083002806
3852,19,106750,06083002913
3237,72,96250,06083002914
5426,76,102750,06083000400
3008,56,70179,06083001203
1050,28,53355,06083001800
2620,64,99583,06083001905
3196,45,86534,06083002012
2302,57,52045,06083002708
3662,83,143646,06083002907
5852,174,116949,06083002909
7074,348,93389,06083002008
2332,82,57212,06067008136
1123,5,24918,06067000600
2567,0,12417,06067000700
5152,123,60162,06067001800
5103,432,57446,06067002200
5016,255,68289,06067002900
7450,56,55409,06067003000
3267,60,69631,06067003900
3655,63,107212,06067004012
7492,404,47039,06067004905
5585,220,89861,06067007904
3843,163,70994,06067008138
2799,62,84605,06067008211
2340,67,84727,06067009309
4951,337,57380,06067008208
5137,179,118611,06067008504
6999,120,104901,06067008600
5227,408,47917,06067009008
5687,301,91885,06067009307
2300,19,91136,06067009406
6385,217,56464,06073013102
3062,343,44844,06001420400
6606,124,107664,06001428200
4625,161,96920,06001441100
8113,262,105766,06001441602
4693,350,133304,06001451501
5570,165,77813,06001403600
3394,82,155556,06001405000
4007,131,130658,06001400400
4178,12,70795,06001403300
3921,68,58170,06001401300
7149,363,23819,06001408800
2905,26,26353,06001403000
8904,49,124942,06075015700
4008,70,182868,06075016400
778,53,69408,06111001206
675,162,28631,06111003012
5863,53,102526,06111003609
3226,112,70486,06111003010
4962,84,89787,06111003612
5539,198,55217,06111003011
5509,198,87606,06111003013
5033,77,50694,06111003801
2849,99,67798,06111003802
5978,189,64439,06111004304
2295,123,52727,06111004305
2208,94,64226,06111004505
7788,653,36791,06111004506
5707,211,69205,06111004710
3552,193,59286,06111004711
5417,155,70521,06111004715
5066,212,80417,06111004716
4716,122,56458,06037127920
1425,33,95152,06037572400
986,7,13500,06037572800
4597,155,37723,06037573201
4158,236,40677,06037573300
3721,113,35436,06037218210
3148,115,51604,06037218600
6149,234,41019,06037218900
4239,45,43103,06037219300
3376,80,43611,06037221220
2363,0,12235,06037221820
2845,109,28082,06037224010
3385,137,46162,06037224600
5184,252,101250,06085508900
7570,325,92448,06085509000
4957,203,131004,06085509107
3563,114,123438,06085509303
2906,111,215250,06085510100
3145,47,233125,06085511910
4934,21,133219,06085511911
8465,522,106862,06085512505
2404,89,99000,06085512602
3920,235,161806,06085506804
6602,118,189527,06085507301
4968,67,192813,06085507903
4286,58,211250,06085507906
3408,222,171324,06085508102
7144,310,169512,06085508401
3131,86,179688,06085508403
6575,292,147632,06085508503
3722,132,167109,06085508601
5051,104,167288,06085509102
3461,49,32122,06071010423
2078,53,34139,06071010424
3171,137,66538,06071010803
2620,75,66127,06071010804
4121,20,79053,06071010901
2097,110,73243,06071010902
1929,36,41838,06071011001
1423,71,68036,06071011002
3232,183,61813,06071011101
1760,78,60662,06071011102
1404,52,50945,06071011203
1685,23,75375,06071011204
1163,55,35556,06071011205
951,20,34500,06071011206
4507,229,50043,06071011401
3451,190,43183,06071011403
4585,208,58922,06071011404
5815,200,56806,06071012001
5653,417,49053,06071012002
5860,324,64250,06071012101
3562,153,33583,06071012103
5280,164,62609,06071012104
18685,311,94915,06071012200
3456,100,91438,06013313203
3454,81,79255,06019004216
5362,372,55587,06019003809
4512,326,41969,06037535001
3648,109,39960,06037535002
5353,254,59933,06037536103
3900,254,49444,06037536104
3685,90,56089,06037542103
3473,140,66389,06037542104
4781,169,48125,06037542105
3523,130,51496,06037542106
7863,471,77426,06037543306
2911,177,67750,06037550201
5710,205,82009,06037550202
4636,219,66250,06037543905
4574,163,78611,06037544001
3187,86,80625,06037544002
5960,262,77292,06037550601
4328,72,87500,06037550602
4141,150,68388,06037550901
5803,227,63205,06037550902
3964,242,54549,06037551101
5427,245,59407,06037551102
4582,165,65880,06037551401
4677,226,79353,06037551402
4596,97,71656,06037551501
4898,155,85766,06037551502
4188,138,86818,06037552001
3409,141,68600,06037552002
4482,120,88205,06037552301
4107,235,66278,06037552302
5093,126,94010,06013361000
2798,65,90400,06013362000
5531,142,77061,06013364002
5931,221,80110,06013380000
2940,127,167600,06013385100
1797,69,124028,06013390200
5330,282,52238,06013307102
4557,371,63934,06019004215
3734,130,84022,06013318000
2136,34,184750,06013354001
7169,181,249651,06013354002
3515,101,242083,06013355302
4472,173,92132,06013308002
3745,96,86566,06029003807
9516,292,58861,06029004000
5911,145,86006,06059011707
2259,19,48929,06059011722
3308,34,127500,06059021916
1011,7,135917,06059032041
6723,237,68125,06059042313
7878,445,64583,06059011711
4710,89,99795,06059021918
3641,68,129750,06059032031
6971,485,103622,06059063102
5283,184,70674,06059052505
3028,15,82231,06059062605
3835,86,120057,06059063601
5523,170,94132,06059074111
3718,146,103634,06071004503
5857,347,57139,06071003900
6727,422,30569,06071005600
3409,92,86293,06073019404
2610,126,113250,06073002002
6482,95,150347,06073017808
6925,367,95164,06073019101
7486,317,53036,06107000301
9219,762,60185,06107001302
5422,184,32096,06107001601
4370,190,53656,06107002002
6399,231,63750,06037431200
6938,123,57889,06037432402
2797,80,23466,06037432801
4421,172,129393,06037460000
5614,204,189107,06037460501
5102,161,71848,06037131300
6367,212,67730,06037131400
4597,100,86818,06037131900
7912,266,49741,06037132300
4778,204,72864,06037133000
5579,283,69476,06037134101
4619,129,82159,06037480704
3699,115,76156,06037480803
3910,38,75078,06037481201
5842,134,67295,06037482521
5794,320,67238,06037502301
3525,176,43155,06107003002
1885,65,41140,06107002304
6998,340,42900,06107000600
2425,203,40933,06107000701
3310,58,57045,06037482502
7154,190,76027,06037501300
3425,198,101579,06037501700
6399,126,84038,06037134800
3140,67,74125,06037134901
16968,677,208425,06075061500
5407,193,47885,06037530801
3165,103,60433,06037530802
6215,439,41065,06037531302
4881,198,49219,06037532302
3289,170,44223,06037532603
4415,252,38676,06037533104
2788,150,39878,06037533201
3346,222,37841,06037533300
3543,125,43214,06037533702
3785,128,36667,06037241400
4553,136,148750,06037430600
6402,388,28313,06037242200
2845,113,158571,06037262302
2813,102,108648,06037214800
4248,52,17237,06037221900
5715,387,37468,06037229300
6170,147,30380,06037236100
5146,146,35114,06037241120
3754,85,83931,06037117303
4051,79,41950,06037190510
3542,148,40850,06037192620
4331,121,100556,06037197410
3270,195,46840,06037203710
7288,256,70887,06037577000
3684,21,74028,06037599000
5084,100,50077,06037601303
6091,361,51750,06037602104
4180,16,54265,06037189500
7315,166,80379,06037650602
6769,370,90857,06037650902
3417,66,81929,06037131200
5336,137,77222,06037131600
4873,205,64412,06037132700
4059,191,110508,06037181300
3487,72,75233,06037183300
2577,74,75486,06037183510
4163,219,59906,06037183810
3918,120,62500,06037188100
3117,128,174293,06037189300
3833,47,69616,06037189800
4454,71,64816,06037191000
4414,59,45332,06037191201
2937,81,30085,06037191710
3449,50,52603,06037192700
3524,131,168227,06037194200
4773,109,74571,06037406901
3584,115,62692,06037406902
4257,141,68860,06037407501
4170,141,78984,06037407502
4608,126,61429,06037407601
5065,167,56825,06061021046
3300,58,108512,06061021122
7297,117,123173,06061021123
3682,189,121083,06061021043
3107,52,63365,06061021045
2951,88,89397,06061021128
3352,139,76976,06061021129
2477,31,75284,06061021130
5526,146,94821,06061021131
7668,244,91575,06061021203
2546,53,86985,06061021204
14332,753,131036,06061021309
6608,48,65750,06087100800
738,38,167656,06055201403
2783,102,83750,06055201601
3318,41,91889,06055201602
2538,172,120372,06057001203
2273,13,111078,06057001204
5183,196,110808,06057001205
6663,152,84510,06057001206
8499,327,168313,06059032057
8226,646,189464,06059032058
10275,521,153873,06059032059
5521,311,146563,06059032061
2640,0,45000,06059062648
3204,36,60254,06059062649
4913,285,59375,06059087505
33,0,,06059980000
0,0,,06059990100
2173,52,38421,06061020401
3665,42,88854,06061020402
2979,82,86250,06061020501
4550,81,112935,06061020502
4639,152,104955,06061020710
4072,148,78011,06061020711
3715,155,70000,06061020712
3196,145,58792,06061020713
4007,174,97431,06061020714
3096,108,85663,06061020715
4188,125,105775,06061020717
3856,103,64057,06061020805
3668,78,63250,06061020806
6884,196,134375,06085512307
8105,190,69921,06085503204
4254,162,93021,06085503210
4468,102,79318,06085503401
2397,97,117500,06085503507
4863,191,120313,06085512019
7825,388,102401,06085512020
5187,241,112356,06085512024
5030,51,122614,06085512402
7227,352,92045,06085512506
3676,12,16621,06019000100
2689,114,25595,06019000200
4891,239,24322,06019002702
3241,240,37635,06019003001
5456,273,30559,06019003400
11921,915,76875,06019004207
6982,393,68880,06019004211
5245,198,43839,06019004504
5745,378,24981,06019003202
4901,334,43544,06019003500
7392,363,44167,06019003805
3702,227,52095,06019004210
4526,125,92860,06019004303
5176,86,60643,06019004503
8126,266,44815,06019006100
5498,335,29219,06019000400
3664,155,21151,06019000700
2780,113,33650,06019001100
4561,235,39223,06019001202
6945,366,61400,06019001700
5935,322,40755,06019001201
3559,173,28125,06019002300
10542,207,67227,06019003803
3404,45,53750,06019004100
12379,1008,48297,06019004212
5345,380,23175,06019004704
4401,191,27500,06019002400
4971,272,31982,06019002601
6349,193,64898,06019003804
7367,52,88304,06019004208
4562,273,53289,06089012101
2097,81,36017,06089012102
5404,192,52110,06065043509
4194,64,42679,06065044911
4137,107,61199,06065045109
5936,285,44236,06065045501
6332,167,31819,06065045703
171,0,38958,06065940100
4798,300,66520,06065041004
5832,102,150500,06085506801
3050,33,250001,06085507002
5927,208,159493,06085507500
3673,61,72070,06073007701
4016,95,74028,06073007702
3576,10,71802,06073007907
1891,63,88125,06073000201
2659,14,81455,06073007905
3279,185,59375,06073002711
4099,192,42198,06073003304
3726,118,66225,06073007908
2937,32,64780,06073007910
4997,128,67762,06073008363
6031,125,73289,06073008364
3845,89,105114,06073008003
3903,118,97395,06073008006
2634,63,60513,06073008361
3414,214,95222,06073008362
3007,83,160500,06073008365
6753,199,171677,06073008366
4530,123,99275,06073009305
6308,254,89583,06073009306
5049,663,70708,06073009510
4413,403,75429,06073009511
3283,161,31554,06073012501
4330,270,45941,06073012502
4358,140,65433,06073014805
2778,112,52461,06073014806
2152,74,148393,06037462600
5108,110,120521,06037480500
4513,100,62824,06037481101
6267,178,47207,06037481401
3443,99,56836,06037481902
4765,258,31218,06037208401
2896,128,45804,06037208402
2267,52,56974,06037208501
4364,146,41804,06037208502
3027,62,33211,06037208801
4966,0,,06071012300
3386,153,51250,06071012400
4972,94,39045,06071012500
3920,196,84821,06071012700
9872,888,54787,06071025000
1343,47,31845,06071025100
0,0,,06071980100
3817,0,,06071980200
4542,99,76658,06073000202
5658,169,38152,06073002712
6601,301,30293,06073003305
5954,198,156638,06085510801
4439,111,54607,06037601600
5126,209,39013,06037601700
7200,108,80077,06037602200
4139,136,57188,06037603101
4113,56,63427,06037603400
4251,179,124844,06037620001
3493,169,111688,06037620002
1529,72,114886,06037620201
6833,211,42734,06037232600
5417,64,54722,06037234000
3805,78,45815,06037234300
1202,18,104643,06085513500
0,0,,06087990100
2297,90,86810,06089010601
3039,67,64443,06037434004
3971,127,83387,06037461501
985,83,100417,06037460401
1225,40,65431,06037910205
5517,242,89290,06037910302
6501,132,112969,06037920020
6578,254,145833,06037920015
2615,86,80580,06037920023
598,5,61250,06037920033
2191,96,126310,06037920039
1668,80,85147,06037920041
5393,0,,06037920200
1608,26,95714,06037920303
2854,161,110781,06037920322
6928,139,57824,06037910603
11613,466,76219,06037910705
7091,547,119744,06037920028
3558,136,139514,06037920032
3790,166,85637,06037920034
5826,302,79241,06037920312
3225,0,88571,06037920330
461,13,85972,06037930200
7139,309,59330,06037540000
4707,150,59907,06037540902
6273,199,51024,06037541500
4735,154,48938,06037542401
3605,182,57805,06037543201
7864,236,71582,06037543602
7840,372,73154,06037551202
4752,163,66069,06037553602
2431,81,52375,06073013205
4773,99,65278,06073013302
6636,367,90139,06073013604
6227,205,118750,06073013605
3231,69,49219,06047000503
6569,362,46896,06047000504
6663,427,47380,06047000505
3226,234,40854,06047000701
15901,556,69814,06047001002
5539,145,55472,06047000801
5681,227,76266,06047001101
5499,327,53833,06047000301
2540,48,65167,06047000303
5681,305,97311,06047000702
3650,153,36122,06047001004
4238,291,26325,06047001601
6249,375,36645,06047002201
10170,402,50801,06047002202
4370,227,57500,06065041201
5974,298,68214,06065041406
5815,210,67880,06065041809
6583,220,57652,06065041906
4071,103,32248,06065030300
7801,362,66419,06065030800
5726,231,65682,06065031100
8542,321,45287,06065040301
3208,120,60764,06065040605
8029,497,77253,06065040901
3927,125,84286,06065041404
4478,183,71928,06065041405
4469,95,75918,06065030200
5586,196,152011,06065030601
4114,54,45398,06065044403
6799,435,30922,06065044915
3557,43,51458,06065045103
6649,452,30035,06065044510
4847,183,42896,06065044300
3314,33,42744,06065045000
6767,59,44078,06065045108
6734,190,30063,06065045605
3532,167,78843,06065046103
6661,396,55833,06065046404
3383,149,68663,06085503601
3448,70,145147,06097151503
7457,326,76691,06097151700
5705,356,48200,06037227010
4523,170,44375,06037228310
5353,203,41250,06037228800
3697,253,34403,06037229410
6162,266,33958,06037231900
5567,460,37555,06037232120
4649,256,40000,06037297110
3100,287,108150,06037574201
4843,228,75648,06037575002
4175,259,37750,06037575202
4293,82,55768,06037576601
4061,70,62240,06037576802
3259,131,90583,06037577602
5063,236,35081,06037600201
3199,100,93125,06037600801
5659,218,55568,06037600912
4793,208,62316,06037601402
4059,238,59239,06037601502
6650,347,34645,06037602103
5403,319,46581,06037602106
8118,338,55882,06037602600
3770,46,97288,06037602700
4443,180,47353,06037602900
5632,179,108170,06037620101
2211,36,90987,06037650102
4259,150,118558,06037650502
3849,36,87600,06037650603
6423,257,89420,06037650800
1759,36,186667,06037670406
3575,69,184393,06037700700
4661,101,70091,06037402703
399,0,,06037403200
2741,26,77083,06037403303
3786,107,103438,06037403702
6054,91,82981,06037119800
2704,112,49432,06037120010
3469,77,54250,06037122200
4503,51,44967,06037122420
5156,178,69444,06037404402
5829,167,99770,06037406300
4313,109,90962,06037408722
3124,110,54205,06037533202
3677,118,42841,06037534404
5538,194,78482,06013313204
5929,230,128016,06081603400
1696,59,95795,06013313205
6377,233,63451,06013313206
2721,80,131125,06013320003
6587,405,113297,06013320004
5480,158,87917,06013324001
5247,137,115909,06013324002
4441,155,103553,06013333101
4274,196,97072,06013333102
4755,99,134815,06013334006
7652,237,128618,06013334200
4056,290,70608,06013336201
6222,355,48412,06013336202
5352,281,73250,06013338101
3600,116,120776,06013338102
4684,100,100179,06087120200
8746,294,107500,06087120900
7162,36,92104,06037207900
2692,115,34568,06037208902
3978,107,27250,06037208904
3963,193,32879,06037209402
5124,156,127197,06037211000
5635,134,52342,06037211120
3337,177,31250,06037211320
4859,111,33607,06037213401
4857,211,42766,06037213402
2415,29,40091,06037220100
3875,129,29420,06037221500
2833,105,39212,06037221710
3665,110,40147,06037226410
5301,151,48393,06037228600
3038,108,33203,06037232110
3487,113,43911,06037232200
3317,29,58736,06037234800
4181,118,90790,06037236000
5565,0,45075,06037238200
2458,89,32708,06037239330
5159,280,40286,06037240200
3885,144,81042,06037132900
5609,214,52262,06037133100
4618,225,60582,06037134104
3025,158,37550,06037212305
1055,28,32604,06013316000
8558,297,93942,06013319000
6300,193,112440,06013325000
5128,49,82639,06001400700
1890,29,76417,06001402700
1406,6,31326,06001402900
4340,98,69132,06001403400
4625,74,165139,06001404600
4995,189,41438,06001406201
3611,119,103833,06001406800
2728,77,93478,06001407800
2700,31,181776,06001408000
4570,169,58487,06001408200
3642,119,114861,06001409900
3332,132,97195,06001420200
2557,59,102361,06001420500
3617,171,153750,06001421600
4171,195,114052,06001421900
3237,119,93105,06001422200
5231,118,92163,06001435700
5977,114,97222,06001436100
5838,183,76042,06001438204
2982,81,127250,06001440333
4414,96,121480,06001440334
7051,516,169313,06001440335
4437,157,102128,06001440336
4418,242,138125,06001441523
4215,231,160281,06001441524
7481,315,138851,06001441924
7291,244,127409,06001441925
4595,220,99858,06001441926
4492,320,106707,06001441927
5996,247,148828,06059099308
5851,245,68173,06059099411
8633,187,84750,06059099413
5338,152,138920,06059099415
4845,172,112596,06059099417
5116,253,81750,06059099508
3023,96,100069,06059099511
1527,65,206250,06059062900
6215,224,79671,06059099203
4658,152,91594,06059099216
3554,39,114803,06059099225
6078,355,74056,06059074702
3448,139,68705,06059075405
5345,190,150368,06073017403
3369,133,88365,06073019208
5027,171,78906,06029005402
2827,376,77244,06029005700
2510,41,55880,06029002804
3713,83,104550,06029002807
5837,213,50122,06029002816
4782,195,71601,06029002819
7552,369,33958,06029003000
5221,189,41722,06029003112
3358,112,59792,06029003304
9530,702,29178,06029004800
6255,140,68924,06029005401
2923,134,36169,06029006201
3697,68,55942,06029001901
2371,110,66250,06029000506
4046,356,60587,06029000903
5400,327,30364,06029001103
5021,192,37636,06029002812
4006,89,38571,06029002815
4993,273,48470,06029003113
18877,702,86638,06029003123
8240,500,55085,06029006100
3806,189,80680,06029000505
4977,213,40788,06029000504
7396,357,34964,06107003200
8019,255,38580,06107003300
582,0,,06107004000
6028,262,39688,06107000702
7837,411,43599,06107000800
25636,1425,83097,06107001003
3660,46,92796,06111001102
8086,255,59167,06111004400
7496,108,43695,06009000300
4694,248,82575,06009000120
11100,273,82268,06009000210
6795,274,63462,06009000220
2722,43,37679,06009000400
2421,144,51719,06101050301
3191,35,91897,06071000804
5300,216,65513,06071001702
6458,145,71950,06107001703
7474,359,72817,06107001704
6636,292,72006,06107002303
14401,1004,84571,06107002400
5749,224,39764,06107002602
3515,329,40571,06107003100
6781,190,42500,06107003400
7569,283,48682,06107003601
4845,108,74836,06107000100
9384,478,37088,06107000201
6242,403,54744,06107000401
2785,98,90114,06107001005
5745,242,42760,06107001502
2562,120,33365,06107002008
6449,430,42690,06107003700
5549,253,43000,06107003902
1999,77,40357,06107004102
5237,131,44020,06107002700
3599,235,24161,06107002800
9417,420,36360,06107004101
6161,193,33164,06107004500
7415,424,56261,06107000402
7097,510,32998,06107000501
4107,248,57589,06107000502
6950,382,29310,06107001100
8734,387,57241,06107001301
4826,298,72411,06107001400
4608,158,49917,06107001800
6426,676,70313,06107002003
5835,315,56571,06037301702
2300,38,105000,06037311400
5856,187,55063,06037554002
7403,317,82479,06037550800
7273,270,39361,06037570301
7302,344,68740,06037604100
4309,148,116146,06037573800
4070,38,49982,06037576801
6774,476,44932,06037601212
4731,167,127429,06037650702
5068,236,60350,06037106604
6180,116,76897,06037113321
3251,166,59375,06037541100
2980,133,57270,06037542800
8421,315,79676,06037550300
6881,394,41962,06037553802
5987,145,58262,06037555102
2537,77,84130,06037275603
2508,43,109468,06037278001
3088,62,148182,06037278102
2436,115,100200,06037293306
2284,59,51379,06037293307
2471,78,65870,06037294301
3099,214,36719,06037294701
4382,248,55313,06037294302
2891,103,47917,06037294421
5188,119,124663,06037295103
3229,80,92571,06037296401
3312,90,108929,06037296402
4466,229,40913,06037296901
4219,96,52585,06037296902
4505,204,60574,06037297201
3786,106,70767,06037297202
5281,86,63715,06037301206
2816,76,55246,06037297601
3687,125,64873,06037297602
6024,120,114890,06037300301
2106,73,107159,06037301205
20899,916,121614,06061021322
6909,327,52578,06061021403
4763,146,44091,06061021603
3634,74,106763,06061021604
2542,115,51827,06073010401
2224,75,119313,06073010900
4517,168,74154,06073013306
5676,213,73421,06073013505
2433,24,91979,06073013701
4120,114,70250,06073013908
2737,81,114044,06073016608
7501,343,72096,06073016804
4857,190,88235,06073017009
7756,219,90511,06073017015
2736,14,101775,06073010800
6078,72,31609,06073011700
3385,101,52321,06073012102
3242,48,64231,06073012303
4798,175,52423,06073012600
2506,84,48603,06073013103
11136,344,102118,06073013311
4691,123,103981,06073013412
7428,177,111132,06073013414
7430,211,67469,06013327000
2340,14,47554,06013328000
6115,181,90536,06013329000
8763,376,109572,06013332000
6718,400,73649,06061020908
4195,158,114069,06061021034
7748,256,113214,06061021035
1985,118,64099,06061021037
7389,376,94077,06061021038
1679,0,71000,06061021039
3132,0,53029,06061021040
5954,268,119710,06061021044
3069,154,34079,06037208802
3679,317,29509,06037209103
2560,111,30078,06037209104
2253,114,48846,06037211121
3163,116,50175,06037211122
2562,40,44353,06037211201
3736,111,69361,06029000507
10772,419,35813,06029002301
3803,271,31900,06029002302
8384,486,43967,06029002400
6506,312,86649,06029002820
7835,358,60047,06029003114
5167,177,116591,06029003806
4495,141,80000,06029003808
2811,120,138750,06029003810
5571,0,,06029004302
2635,191,35560,06029004500
4220,126,86458,06029005104
1521,67,39653,06029003303
4194,212,32099,06029003600
3415,180,45781,06029003700
9244,392,103375,06029003805
4436,330,27520,06029004402
8674,498,58194,06029004902
18784,1163,55028,06029003202
8292,269,41904,06029003500
1448,63,45000,06029004200
5964,291,69392,06029005506
1993,118,32000,06029005300
5393,44,93018,06059088401
6883,346,67500,06059088501
2454,68,120568,06059099217
5770,169,98141,06059099220
3448,77,89938,06059099224
3499,36,96908,06059099234
5123,194,71071,06059099235
4034,85,90882,06059099243
4175,59,50722,06089012603
2107,27,53036,06089012604
4723,190,54179,06037553702
4700,124,91250,06037554514
6237,164,43944,06037531901
3503,153,39228,06037533107
5259,201,58344,06037533703
4768,268,43586,06037534201
7280,314,96157,06037300800
6567,108,45632,06037310702
6200,157,93750,06037311700
3678,138,68676,06037401002
3696,229,75508,06073012304
3471,117,84960,06073012900
9853,376,50059,06097151402
9150,143,64194,06059076000
4639,243,63411,06059076204
6113,159,133492,06059075605
5060,127,124722,06059075813
5545,312,93967,06059075815
7308,184,68482,06059075902
8492,140,56189,06059076102
7424,154,86071,06059076205
5874,254,72639,06059086802
5530,233,61232,06059088203
6040,237,104444,06059088302
5935,307,46985,06059088701
3372,91,100511,06059075303
5205,287,59554,06059074806
7500,475,39793,06059075003
4258,89,110042,06059075401
7202,331,87091,06059075404
4192,132,49970,06059075514
5911,137,229286,06059075606
7075,195,80172,06059086301
7535,237,69263,06059086303
4189,172,61936,06059086406
8986,212,76731,06059087103
5348,200,55494,06059087601
7163,156,62882,06059087802
5598,108,70134,06059088502
6243,191,77171,06059088702
6686,93,71445,06059089102
6434,244,58173,06059089104
4226,132,53936,06059089106
8826,458,59572,06059099202
5524,165,80513,06059099212
4848,141,81948,06097151800
5342,181,85321,06097152702
2987,100,70438,06097151204
6373,139,85750,06097153401
5488,299,70136,06097152903
7147,172,54106,06097153001
8199,356,69722,06097153006
6300,317,85063,06067009317
4059,97,60777,06067008913
3224,280,46788,06067009005
2579,99,41111,06067009007
2029,124,33333,06067009110
5943,197,66525,06067009314
5953,160,101572,06067009404
2829,101,57875,06067009501
7488,371,45013,06067009606
9519,392,67321,06067009608
8108,212,84782,06067009615
2638,129,58173,06067003502
5707,314,57220,06067004201
3788,83,32650,06067004401
5725,451,37622,06067004602
3707,42,26012,06067005201
3338,193,39513,06067005508
3890,185,53142,06067005605
6428,212,105978,06067005901
4723,144,102052,06067001500
6629,100,85000,06067009312
4636,156,59034,06067009316
3123,51,43830,06067009503
6772,299,53077,06067009601
5361,90,76140,06067009612
2425,58,141719,06067005804
4566,263,41196,06067006002
3644,62,37031,06067006202
7927,412,42444,06067006702
6023,264,94632,06067001600
3358,67,117917,06067002300
3158,83,56500,06067003102
2393,100,55300,06067003501
4496,227,34024,06067003700
5272,243,63139,06059087001
7084,449,64589,06059087102
4819,98,50583,06059087106
6638,392,71532,06037541700
3731,93,79875,06037543400
4085,13,75521,06037143200
4502,167,72500,06037128400
3853,242,42150,06037294900
5352,154,103209,06037300200
3195,96,44009,06037218110
2084,54,77147,06037219500
7661,473,40140,06037226700
3474,132,31494,06037231100
2682,66,45341,06037235201
3874,63,80208,06037502402
4939,237,106125,06037503902
5375,284,42899,06037531701
8192,386,66061,06037301900
5201,134,80729,06037400603
3745,178,84906,06037403402
3715,123,67353,06037404401
5710,252,73529,06037407102
2147,76,67059,06037201110
2594,108,30373,06037209810
4318,186,46424,06037212410
5218,403,20608,06037910501
3381,95,89087,06037920106
3062,53,117260,06037401001
6567,373,42135,06037292000
8053,180,85915,06081604101
4135,125,95588,06081604200
7211,237,107722,06037620701
3069,64,179141,06037621102
3868,100,63342,06073016202
5467,111,105481,06073016609
2957,121,151000,06073017006
8548,75,186116,06073017029
7364,216,116250,06073017039
4488,154,127250,06073017040
6758,302,67698,06073017048
3713,119,96953,06073017502
2573,86,123542,06073017603
5141,159,91667,06073017701
8320,256,105331,06073018802
5554,299,48369,06073018904
5716,137,97275,06073019105
9668,574,69125,06073019207
2469,99,26759,06037213320
2414,48,96579,06037214700
3203,226,91821,06037216800
4156,47,69817,06037217200
2892,50,25357,06037221810
4331,223,53864,06037222100
6238,0,11576,06037224700
5264,266,49708,06073003004
3258,36,82955,06073003109
4456,126,72125,06073003112
4582,51,112318,06073003213
3006,99,39469,06073003601
4379,160,40250,06073003901
2505,16,50592,06073004501
2004,64,57329,06073004600
5685,162,111219,06013338203
5217,211,140000,06013345111
6315,303,56364,06071010015
6953,251,112931,06071000109
4393,223,55075,06037554302
3015,202,56641,06037554405
4766,72,68839,06037554406
4832,248,48676,06037570403
3557,127,45066,06037571703
4076,195,50438,06037571704
3676,181,54777,06037570404
3878,177,89457,06037571503
4512,90,68138,06037571504
1843,91,69038,06037573003
4577,406,41911,06037573004
6402,147,119020,06037573601
5174,52,80462,06037576001
4165,167,39023,06037576301
4077,140,42721,06037576302
3644,68,41378,06037576903
3157,117,52373,06037576904
1378,13,95929,06037577504
4087,155,43212,06037212620
1367,11,99000,06037577604
4359,64,150972,06075010300
5127,86,121523,06075011000
5951,188,136250,06075015400
4536,61,130732,06075010400
9684,255,117745,06075025500
7867,315,151429,06059075604
6381,156,109592,06059075607
7155,206,117587,06059075701
3344,143,75526,06059075811
4011,74,68523,06059075901
6159,188,87521,06059076202
6350,380,77967,06059086404
7658,184,63269,06059086405
9185,400,60163,06059086601
5411,166,87795,06059087704
6654,494,45000,06059087806
5977,133,54635,06059088107
7591,374,48047,06065042901
5095,125,50726,06065042902
6105,215,69250,06065043216
5202,296,59677,06065031002
2697,77,48819,06065041411
5185,271,79283,06065041702
5486,219,53385,06065042508
3145,132,57237,06065043703
7092,266,113152,06065041803
5324,293,42878,06065042405
7688,346,61589,06065043304
6776,269,103690,06065042003
4134,38,38906,06065042711
4760,92,52083,06065043702
8357,431,39794,06065031502
6486,183,88750,06065040902
3188,60,135335,06059021809
6535,195,125500,06059021812
4259,198,139948,06059021820
4197,310,41563,06037241001
4144,189,59116,06037241002
3015,93,48864,06037241201
5776,370,34662,06037241202
4480,80,45339,06001402800
5628,228,167891,06001404400
2471,95,62833,06001400900
1243,44,25885,06001402600
3877,152,201744,06001404200
3880,113,62778,06001405500
3269,103,59875,06001405600
6864,295,81911,06097153002
4804,67,76341,06097152701
4667,270,52254,06029000904
2721,175,65938,06029000905
7114,528,21641,06029001300
3477,167,33750,06029002600
5373,286,43464,06029002817
3262,89,177383,06037194300
4148,91,27188,06037209403
2797,123,33168,06037209520
7637,304,86314,06037553200
4066,185,66159,06037553502
5848,177,49413,06037554403
4206,208,56335,06037554404
5949,155,81793,06037554521
4119,320,101500,06037570003
3192,91,79750,06037570100
5094,259,51404,06037570304
5610,137,49506,06037570601
6177,328,61978,06037570602
6532,214,129531,06059052511
4576,202,94375,06111008202
6021,171,62297,06111000400
8465,515,78434,06111000800
7179,235,60041,06111004000
5112,383,52143,06111004503
4099,58,102868,06111005100
2570,21,98565,06111005202
9578,148,106164,06111005303
5721,179,37321,06071006301
2778,123,37368,06071006401
7008,249,75820,06071008001
3010,137,37500,06071008404
1954,69,37917,06071008901
1037,7,34766,06071009300
6713,151,70266,06071010021
1660,45,36360,06071011700
3913,147,74618,06071007104
3168,158,67364,06071007105
7491,697,23039,06029000600
6084,262,77578,06071000808
2863,138,40670,06071001400
6624,321,64676,06071002204
6223,122,61835,06071000304
8540,269,121875,06071008500
7585,347,38167,06071008002
4337,257,69508,06107001902
5765,335,30886,06107002202
4717,215,58618,06107002903
3021,162,37063,06107003801
6068,147,93482,06037703100
2278,161,25074,06037910403
4806,0,39972,06037207302
2193,58,60625,06037207501
2888,28,18594,06037207502
2148,61,50093,06037208301
5269,101,38365,06037208302
6326,376,69103,06067008119
5104,185,85710,06067008125
5252,196,62193,06067008134
9349,411,52527,06067006701
4835,176,66908,06067007207
7438,738,33996,06067007413
4223,85,54422,06067007416
5549,190,52770,06067007503
4461,129,89884,06067007702
6321,126,72461,06067008111
2429,104,70417,06067008117
3730,62,61382,06067008130
2874,86,42043,06067008133
6798,458,62880,06073018906
2175,100,80898,06073019002
6273,290,52108,06073019205
7093,158,62779,06073020019
6221,556,83936,06073020305
5122,156,52244,06073020707
2720,80,101154,06073020807
7998,181,45288,06073021100
9456,256,135083,06073021303
3496,33,161625,06073008303
3191,28,164583,06073008306
5725,349,140910,06073008310
7256,356,102838,06073008329
9762,420,89492,06073008340
8348,182,64324,06073008341
6979,210,100701,06073008350
7467,191,100570,06073008358
7378,207,53958,06073008600
4979,144,70788,06073009000
3660,69,53272,06073009102
3425,83,102882,06059099311
4903,119,64077,06059099410
4449,0,36884,06059099510
7897,242,59375,06059099702
5472,104,35530,06059099802
6189,245,93313,06059110111
2110,45,109444,06059110113
6740,571,103533,06059110605
4318,223,113877,06059052416
20544,841,131184,06059052426
4089,68,156875,06059062632
3478,60,92078,06059042206
4222,153,131895,06059052522
1835,59,160694,06059063009
4810,373,71655,06065040102
6311,376,49957,06065031602
2972,121,81941,06065040404
6404,342,94900,06065040405
14774,1162,111744,06065040609
8054,305,136281,06065040611
11946,333,131875,06065040613
12853,596,103421,06065040607
10810,877,138651,06065040615
8333,293,124091,06065040616
4059,163,90530,06065040812
6377,71,107616,06065040813
5152,281,62639,06065040814
3960,168,84291,06065040815
2446,56,93250,06065040816
5973,137,74037,06065040821
6247,319,33709,06065041101
4689,150,61176,06065041102
3902,153,64063,06065041301
4786,275,58144,06065041302
7685,288,94599,06065041910
13750,694,119211,06065041911
6367,45,95076,06075017802
5095,99,51732,06059099223
5806,282,82143,06059099227
4717,194,100338,06059099230
3528,104,81099,06059099244
5536,232,92973,06059099416
919,14,85000,06059099506
4039,203,36922,06065044701
1738,79,33013,06065044702
5192,139,57401,06065044904
7605,366,57852,06071009108
18069,1319,71828,06071009110
9555,470,63635,06071009112
10227,499,54573,06071009114
6700,454,27188,06071009116
8697,374,36818,06071009117
21531,942,83573,06071009118
6128,258,75804,06071009119
3984,140,64841,06071009201
1858,6,46974,06071009202
13319,1005,37726,06071009904
7795,853,47191,06071009905
3119,124,34327,06037106407
3667,251,60199,06037106408
3650,132,113940,06037106645
3161,91,110734,06037106646
4546,213,68426,06037106648
2661,166,87039,06037106649
5460,201,129688,06037108201
7487,267,97188,06037108202
4297,148,56970,06037109603
3195,96,92500,06037109604
3869,59,77351,06037111205
4379,77,114275,06037111206
3719,35,106000,06037113101
3021,77,163021,06037113102
1824,42,89792,06037113235
4194,112,82024,06037113237
3381,0,43958,06037115103
4377,124,54861,06037115104
5191,235,61335,06037117201
3583,84,54407,06037115403
2800,73,66136,06037115404
5224,107,90750,06037117101
10714,327,65393,06059087300
6222,179,65729,06059087703
4675,177,43125,06023001200
3309,117,50896,06023011200
7741,238,66231,06023010700
4304,114,44095,06023000400
6308,197,49524,06023010502
7040,163,85341,06057000102
7787,132,87278,06057000103
4959,211,47850,06057000502
7334,180,75250,06057000701
3936,153,73144,06057000702
3754,94,56500,06057000900
2668,19,80238,06057000200
2666,62,82125,06057000300
6943,206,35654,06057000600
5783,99,64517,06057000401
5515,102,46571,06057000501
3149,75,47083,06057000104
3143,100,79063,06057000105
5606,124,52500,06057000402
5450,86,86820,06057000801
6854,105,51992,06057000802
1039,26,63750,06003010000
4060,199,65938,06039000102
4503,104,61445,06039000104
5232,199,74167,06039001000
1279,121,59236,06039000400
6374,257,79476,06039000509
7844,428,44179,06039000300
8502,289,52802,06109005100
5185,119,52965,06077001000
5515,144,74571,06077001200
4677,159,42297,06077001400
8241,426,57712,06087110600
4944,170,114375,06037554522
4173,90,76350,06037554600
4764,234,87162,06037570001
3614,146,93580,06037572202
5357,118,65625,06037572600
4086,145,43825,06037573002
7971,317,76928,06067009502
3418,149,134167,06067000300
3461,77,55341,06067000500
1703,0,69750,06067000800
5178,150,73520,06073000800
3328,48,32191,06073002201
6715,340,80855,06073009802
4936,183,144531,06073017033
5982,99,87667,06073017304
2812,156,92083,06073018608
3275,120,134318,06073017010
3727,106,91667,06073021202
7692,363,75567,06073019302
10191,358,115278,06073020103
5677,217,120708,06073020801
3214,39,40318,06073002801
3327,85,102057,06013378000
8866,332,96694,06013313103
7945,291,85076,06013334004
7408,100,83444,06013363000
3546,137,61058,06013309000
6245,278,51250,06013376000
2754,131,57092,06027000100
5466,206,53988,06027000400
2284,68,53382,06027000500
2541,69,96036,06027000300
1878,48,86875,06027000200
3209,109,55184,06035040600
4056,177,69728,06035040302
9280,13,56964,06035040400
2587,85,46884,06035040200
1445,58,43207,06035040100
3240,62,92888,06035040500
3951,111,74118,06111004717
7229,192,95731,06111004901
5072,184,57469,06111004902
7261,285,58603,06111005003
4739,188,57132,06037571502
2309,160,19425,06037571600
6379,302,54617,06037573202
2031,8,125000,06037573902
5239,81,68679,06073000300
5140,397,38921,06037576403
2986,117,36742,06037576501
4658,170,54162,06037576502
4469,63,57679,06037576503
5357,219,31406,06037576901
5431,89,86035,06037577300
7410,366,35000,06037600100
5314,112,92813,06075025600
2224,69,93750,06075025800
5986,197,77534,06075026001
5126,170,141912,06075045100
7286,33,115292,06075045200
7455,207,99283,06075026100
3739,119,60104,06075023300
4454,188,138811,06075025300
3775,133,141806,06075025401
5083,65,71182,06075026301
5255,132,88339,06075026302
4822,152,94286,06075026303
3230,67,151696,06075030500
6437,161,141843,06075031100
3318,264,37670,06067004701
4946,323,38554,06067004702
2680,40,40114,06067003203
7166,528,151386,06085509105
5524,216,129338,06085509201
3616,73,223068,06085510002
4541,123,210491,06085510500
5494,181,137311,06085510900
3384,117,104107,06019005504
4233,222,35969,06037228210
4040,142,32258,06037231210
4934,298,36528,06037231720
5436,223,36765,06037231800
6006,177,58576,06037232300
4401,151,87246,06037235100
4410,339,36029,06037237710
5163,173,48034,06037238100
5223,218,38266,06037240020
3356,265,47090,06037241110
5088,260,86649,06037920030
4722,187,105263,06037910805
2070,89,147639,06037910809
2007,68,45208,06037535606
5748,200,32083,06037534202
6319,289,59333,06037534900
4621,337,56250,06037535102
5237,247,52500,06037535701
3701,217,49773,06037536000
3155,131,58594,06037536102
7281,206,59449,06037536200
4782,123,117167,06097150500
7069,135,82026,06097151502
5645,229,34773,06103000600
7724,600,28362,06103000700
5346,191,94939,06001427300
5200,184,70650,06001427600
5052,158,100815,06001427900
7424,350,181000,06001428302
3454,51,107396,06001428600
5282,194,79284,06001430800
6094,159,56750,06001433600
3485,94,86210,06001437400
5144,252,72917,06001438201
5288,30,96705,06055201700
2860,35,129290,06055200703
6228,143,99036,06055200802
3528,211,79013,06055200201
1737,36,66600,06055201800
1413,24,103333,06055201900
4962,174,76115,06001423000
4839,177,115208,06001428100
4568,172,80839,06001428400
6878,262,131071,06001430200
4078,130,80882,06001432200
7003,195,71250,06001432400
8179,228,75344,06001433800
5334,236,48611,06001434000
6189,99,124094,06001435102
3983,58,61179,06001435500
3952,160,97399,06001438000
4748,70,77979,06001440307
2906,79,53615,06037553503
5363,198,61250,06037553504
1396,8,82216,06037554103
2414,73,67159,06037554104
4478,192,46121,06037554105
3730,91,46053,06037554203
4313,194,39878,06037554204
3499,156,63375,06037554301
5704,198,67719,06019003810
3324,84,68909,06019004213
4570,69,79620,06019004214
3566,149,75000,06019004408
3232,81,61202,06019004409
4811,232,38114,06019004801
6201,207,97163,06071008403
14184,839,95735,06071008706
6657,174,53611,06071009709
8039,110,92614,06041104101
5889,89,159963,06041124100
6764,374,77798,06061021003
2363,66,100786,06061021106
3080,75,60398,06061021108
4502,59,193500,06061020606
5885,194,63355,06061021501
4965,138,91948,06061021801
3350,67,72542,06061021901
2538,115,72264,06061021401
3668,92,91434,06061021502
6318,76,61563,06061021802
1056,0,64792,06061020105
6903,343,79802,06061020200
7675,166,133674,06061020601
4935,150,70625,06073009301
3873,126,94545,06073009507
5544,144,66113,06073009603
5286,165,104817,06073009804
6978,511,46788,06073010009
5059,163,104559,06037265520
3811,122,111985,06037143700
3956,188,98250,06037181500
3445,133,46477,06037183820
3939,88,74760,06037189600
5606,349,59671,06037503000
3374,157,98929,06037503301
4052,51,83843,06037197300
3914,96,75571,06037197500
2166,51,74038,06037197600
3155,95,67257,06037199202
4341,208,91250,06037201302
5203,279,70667,06037408133
3882,94,92250,06037408135
6381,491,60429,06037408211
4183,95,91750,06037408303
3268,71,73393,06037408623
4214,269,87632,06037408625
3311,138,58281,06037408704
4684,20,67425,06037430102
5846,207,92500,06037430701
6000,125,108106,06037431700
5779,328,52882,06037432700
3284,148,53205,06037433902
4410,232,52436,06037434001
4845,166,110714,06037460301
3176,143,70357,06073014902
3617,111,53226,06037603301
4048,136,52722,06037603302
4777,105,81304,06037603702
3355,158,97396,06037620102
3958,313,123050,06037620521
5040,136,129417,06037620602
2529,135,107500,06037650701
6204,211,124844,06037651302
3939,217,75662,06037670002
2637,115,192188,06037670202
5738,92,142159,06037800101
3176,28,164423,06075020401
4564,89,118625,06075020402
3367,143,192231,06075022704
5088,113,89375,06075025701
4401,117,75385,06075025702
6690,171,82222,06075031201
3394,178,93438,06075031202
4241,15,108454,06075031301
3357,257,26987,06077002000
4100,68,66250,06077003106
4599,326,59594,06077003108
3669,39,73628,06077003203
3838,231,45714,06077003311
3154,86,38710,06077003700
2902,218,63287,06077004701
6635,126,89344,06077005122
4139,122,90422,06077003209
2292,42,35479,06077001600
4681,250,31066,06077001900
3705,77,34868,06037221110
2700,44,136544,06085510803
7992,232,184028,06085511500
4073,196,66667,06085503703
2955,57,94740,06085503708
6772,401,82726,06085504002
2673,73,109563,06085502601
3936,126,146389,06085502907
4631,230,105655,06085503208
8637,223,107500,06085503315
4279,186,135662,06085505800
11441,726,166174,06085505006
6726,208,88333,06085505700
5090,208,124750,06085506103
7389,443,156169,06085506202
5443,189,90333,06085506301
6778,204,138750,06085506302
5262,84,108787,06085506304
7213,332,80529,06085503304
4542,216,104000,06085502906
4123,224,188674,06085503001
8222,369,111618,06085503108
4027,113,115893,06085503312
5286,252,63267,06085503402
2861,104,69500,06037117102
3836,334,33480,06037117407
3073,272,36250,06037117408
2633,167,100326,06037117202
4435,89,85758,06037119001
7976,353,80664,06037119002
4547,81,91111,06037119201
4759,30,67500,06037119202
5311,149,45107,06037237300
2922,160,32051,06037237500
4511,147,38970,06037199120
4498,167,59955,06037201301
5276,224,49922,06037203600
3286,90,57417,06037204110
3154,98,29730,06037204420
4080,89,31786,06037204600
2751,125,39904,06037204920
6103,29,9191,06037206300
4667,112,100972,06037207710
4858,176,69656,06037208710
3873,154,42637,06037211310
4067,115,43167,06037212900
3651,206,39519,06037900607
4895,0,,06037901003
12463,610,98694,06037901004
6301,268,60094,06037910706
2970,47,56750,06037502302
7152,355,91130,06037920329
2438,29,91667,06037920332
3458,75,75139,06037101400
4962,176,74940,06037104310
3667,203,72604,06037106403
5920,254,63924,06037106520
4402,161,104000,06037571101
4073,110,108000,06037571102
3910,188,33262,06037600304
3883,257,21429,06037600303
4961,252,45421,06037602504
4590,328,37237,06037602505
4297,269,39016,06037602506
5122,384,52969,06037602507
6922,352,50112,06037602508
4457,122,68750,06037602509
3231,71,55810,06067001300
2096,21,65114,06067002100
3479,154,56530,06067003101
3871,183,101042,06067000100
3527,52,50565,06067001200
5513,341,64628,06067001700
3123,72,58433,06067001900
4772,80,136339,06067002400
5098,206,39741,06067003202
2889,136,102708,06073015502
6043,241,65078,06073015601
5625,184,86964,06073016809
2841,44,98125,06073016902
4087,163,62917,06073017018
6780,165,135924,06073017043
3104,95,63750,06073017050
2932,71,182292,06073017303
7099,414,95465,06073017404
6114,93,66250,06073018100
2119,22,86292,06073018300
7801,301,68393,06073018610
4356,241,47097,06073009400
4829,82,98782,06073008512
4624,177,87656,06073000700
5821,263,43307,06073001600
5405,321,35547,06073002707
5470,227,35688,06073011601
3900,165,42740,06073011602
4169,145,47668,06073011801
3657,70,52557,06073012200
1708,92,28047,06073012302
4406,163,66676,06073012800
6473,300,52222,06073013104
5421,144,89708,06073013409
4500,183,63638,06073014001
4412,277,34882,06073014400
3880,342,67946,06073014500
7367,165,59862,06073015000
6081,314,80556,06073010003
6455,205,163472,06073009504
6087,351,92647,06085503707
6457,190,30724,06085503709
5883,505,84583,06085504102
4537,242,128462,06085504308
1783,20,72500,06037600703
2485,13,69519,06037600802
5929,262,53420,06071001002
6140,318,71667,06071001104
4173,241,56196,06071001101
4426,254,79278,06071001103
5788,133,46818,06071001305
4212,52,70607,06071001307
4643,267,62727,06071001308
4658,262,77992,06071001309
6193,287,67212,06071001310
3350,88,84364,06071001311
5127,72,75308,06071001312
4218,219,52778,06071001501
4126,180,42123,06071001503
6006,228,54074,06071001504
5273,280,76900,06071001704
6283,276,60697,06071001706
6525,324,79736,06071001707
5250,163,79097,06071001804
4797,121,95436,06071001806
4644,57,81949,06071001808
5273,162,63859,06071001810
4975,196,79042,06071001809
3477,75,48531,06071001812
4664,181,106168,06071001901
13753,540,96783,06071001903
2293,75,90438,06037702802
7539,646,38965,06037900605
5012,237,39341,06037900701
2094,177,88906,06037901007
2742,86,121500,06037273100
5156,0,21506,06037265303
4872,84,87095,06037267402
2915,82,71823,06037273300
0,0,,06041990100
3883,204,34363,06043000101
3086,145,57188,06037600302
2576,90,49628,06043000102
3771,106,65965,06043000301
2631,43,64432,06043000302
2210,9,50357,06045011001
6135,54,63236,06045011002
2109,84,52045,06037540400
3141,103,69934,06037107010
2327,41,121563,06037108101
2962,80,86316,06037109300
3903,52,82215,06037109400
5534,150,92356,06037109800
6114,166,154038,06037111204
6550,274,86101,06037113401
4524,108,94279,06037115301
3574,170,36538,06037117405
4906,84,72813,06037119320
2666,119,30625,06037120030
3610,122,53345,06037121020
5892,184,75486,06037122000
3250,159,42056,06037123020
6018,140,75096,06037123800
6547,130,159643,06087121200
2755,28,80000,06087121401
5196,77,53508,06087121500
3286,119,77896,06087122100
1479,0,101250,06087123300
2234,84,118056,06087100100
3665,119,98224,06087100600
6423,197,60820,06087110502
5779,217,124000,06087120800
3229,91,105221,06087121100
4309,174,78816,06087121402
6988,321,68214,06087122500
3174,33,67679,06087101200
4781,141,98578,06087120600
3382,178,86823,06087121403
7387,325,81667,06087121700
4926,117,96961,06087122001
7247,32,113352,06087122400
8594,564,50851,06087110501
2015,0,50402,06087100700
5312,176,95034,06087120301
4307,247,96464,06087120700
3253,79,149545,06087122002
7248,232,89438,06087122003
3563,34,112188,06087100300
6440,85,88125,06087100500
8077,613,59750,06087110400
3159,150,69712,06087110700
4057,192,51250,06019004901
2233,66,69563,06019004902
5107,288,37458,06019005203
4299,141,43068,06019005204
3328,115,35556,06019005409
3536,170,55125,06019005410
6180,340,90806,06019005516
7978,579,106726,06019005517
5790,324,119113,06019005518
2997,93,143875,06019005520
1041,22,114167,06019005525
4688,271,39271,06019005607
3137,213,44567,06019005608
6940,428,70866,06019005804
6416,478,87475,06019005805
4860,220,130455,06019005522
4660,186,143006,06019005524
7435,130,120774,06019005905
2427,95,87226,06019005906
3485,159,94479,06019005907
8035,445,119719,06019005909
6018,217,95764,06019005911
5865,162,102704,06019005912
4731,41,85250,06019006404
9735,597,55694,06071006100
4391,92,58571,06071006700
3714,102,38801,06071007107
2191,70,44183,06071007108
4796,334,34597,06071007408
5496,185,110761,06001442301
4160,121,152778,06001442601
5059,317,111518,06001442602
5620,209,163884,06001443104
4785,48,183008,06001443105
6366,324,75789,06001442302
3785,254,224962,06037262501
5523,256,200625,06037262604
4448,405,27358,06019004802
3561,70,122083,06037262704
3571,96,188409,06037262706
3424,148,217292,06037262802
2998,52,108004,06037264102
2658,134,105481,06037264103
2567,60,72361,06037265201
5144,93,69926,06107001006
6626,346,48945,06107001701
3761,103,62888,06107001901
5421,222,46890,06107001501
4972,112,63750,06107002004
8642,584,66089,06107002007
2536,118,57019,06107002100
4202,271,46761,06107002901
10335,428,68500,06071008401
7573,242,120027,06071008703
8102,671,54627,06071007403
8416,501,28807,06071006500
3825,193,72964,06071007106
5964,157,50347,06071007200
7655,320,35919,06071007601
5698,398,64766,06071007800
3048,169,47243,06071008100
6286,316,62353,06071008800
4820,320,28969,06071009800
4025,172,56858,06071010009
6458,386,51500,06071010010
8283,281,61649,06071010013
8328,446,32247,06071010020
7226,195,48518,06071010413
3094,229,36500,06071010416
3820,73,55684,06071010802
8488,404,68644,06071011600
1312,58,33276,06071940100
5923,156,92981,06071000108
3371,23,97321,06041113000
2649,0,,06041122000
6195,234,213811,06041126100
7077,201,83700,06041105000
5903,139,101875,06041110100
6414,235,145000,06041121200
2939,84,38958,06041129000
1641,12,95441,06041132200
2124,40,246250,06041123000
6803,246,138534,06041107000
5204,84,79500,06041111000
5860,192,95347,06037504001
4430,205,65550,06037530006
4348,88,72045,06037530202
2930,119,51719,06037530601
3210,70,33512,06037531102
4432,267,31681,06037531602
5163,237,54470,06037531702
4763,173,63235,06037531902
7363,166,52585,06037532200
4599,157,55810,06037532303
3417,195,46125,06037532700
3283,140,35792,06037533103
1931,67,46645,06037533203
5546,184,46429,06037533602
3553,135,44205,06037535400
4946,154,46081,06037535607
6743,429,81494,06037540101
4697,108,132976,06071000118
4349,52,78016,06071000203
4261,92,72222,06071000403
5449,180,69367,06071000205
4456,216,68750,06071000207
4808,183,81607,06071000208
4048,112,52021,06071000404
6286,154,68187,06071000501
4698,248,76559,06071000503
4530,20,88056,06071000504
5508,182,77056,06071000603
5436,349,64303,06071000604
5087,270,47708,06071000605
4119,199,76463,06071000606
3254,46,96746,06071000813
3491,53,147786,06071000815
4205,79,122083,06071000816
3897,112,77167,06071000817
3940,119,129688,06071000814
5258,145,58779,06037301801
4516,29,63328,06037301802
3665,60,55305,06037302003
4151,59,50875,06037302004
7395,253,41300,06037302401
4290,78,41016,06037302503
4273,41,38468,06037302504
3103,58,212639,06037460800
4535,55,129974,06037461200
5413,305,80294,06037462700
3563,46,109583,06037463200
4066,248,158438,06037463800
5623,234,107438,06037464000
4030,72,120469,06037430501
6978,298,90408,06037430801
5397,305,94315,06037430803
3165,70,52813,06037431002
2689,92,92125,06037431300
7210,146,67760,06037432601
1530,60,34500,06037433302
1949,49,36703,06037433501
5861,245,101875,06037460200
3702,62,43713,06037101220
6416,119,89926,06037103400
6054,149,54960,06037104105
2587,213,34855,06037540201
3859,82,49632,06037218220
4016,126,40227,06037222200
5505,266,47444,06037228100
7361,221,46883,06037232400
2480,135,46111,06037241300
8342,399,50457,06029004401
9119,340,64898,06029005403
6819,135,80375,06029005404
8427,515,50357,06029006202
2936,158,33750,06029001201
4816,298,41737,06029003115
8105,289,69125,06059075403
3490,241,64565,06059042107
5031,207,100357,06059001101
7986,293,113413,06059001601
4438,190,104750,06059021807
2940,111,123194,06059021825
5786,296,165946,06059032034
7128,495,64938,06059086903
4157,118,66429,06059088002
3286,92,86950,06059088202
7077,215,64757,06059089001
3809,78,124741,06059075702
3878,48,72059,06059086801
8007,323,75207,06059087602
2239,75,41280,06037211202
4841,188,52352,06037211703
2796,53,43462,06037211704
3701,103,53301,06037211803
3221,68,41635,06037211804
2521,82,35993,06037211921
3269,302,49554,06037211922
3187,54,51370,06037212101
2291,122,27167,06037212102
1940,24,39093,06037212501
2276,44,47000,06037212701
2810,4,47731,06037212502
3632,63,73028,06037212702
2702,118,87364,06037214501
5285,164,60093,06037214502
3422,57,75294,06037214503
3250,44,71844,06037214901
2550,92,84840,06037214902
3015,77,67888,06037215101
3059,75,69979,06037215102
3772,134,75597,06037216401
2521,67,75000,06037216402
2724,236,87250,06037217001
4639,68,87934,06037217002
2324,72,49316,06037218701
2056,95,38827,06037218702
4150,164,39006,06037219901
3809,46,49531,06037219902
2806,110,39244,06037221303
3656,154,43125,06037221304
3695,220,138375,06081610602
4017,25,83657,06095250604
4873,176,73862,06095250103
2233,28,100333,06095250104
6655,128,94233,06095250105
4541,102,148646,06095250106
3630,127,96333,06095250605
4135,83,64299,06095250801
2913,112,155104,06095252310
4312,154,130786,06095252311
4038,212,78693,06095252312
5627,125,86610,06095252313
4221,90,83750,06095252314
4035,201,109681,06095252315
3498,135,91985,06095252316
10131,470,124874,06095252317
3134,130,82500,06095252610
4011,103,65855,06095252611
3014,374,79519,06095252801
938,102,59219,06095252802
4818,16,60151,06095252911
5668,125,131389,06095252912
4856,234,95000,06095252913
6330,229,102625,06095252914
5326,211,129343,06095252915
7286,326,73350,06095253204
2971,138,73636,06095253205
3236,156,134268,06095253206
4991,73,103607,06095253403
6894,250,84944,06095253404
0,0,,06095980000
4561,124,71875,06097150203
3633,89,83648,06097150204
3049,136,94327,06069000802
8187,339,102935,06071000115
12989,592,110927,06071000116
12332,343,80386,06071000113
6956,140,114481,06071000117
8600,231,84295,06071010004
4933,164,36786,06071010014
6086,168,49461,06071010016
16448,712,82790,06071010017
5962,190,62359,06071010023
3547,167,52975,06071010300
2738,76,107132,06037920111
5133,235,41615,06037531000
3495,163,58203,06037530004
2211,165,49018,06037530301
3684,142,52356,06037530901
3036,102,36458,06037532001
4195,223,55219,06037532500
2848,141,45217,06037533403
3051,94,41549,06037533501
4762,229,46831,06037533601
4589,113,39432,06037534803
3998,203,43073,06037535603
7209,275,72689,06037535902
6905,244,60934,06037540102
6163,401,35213,06037540502
5287,207,66964,06037540800
5512,305,48701,06037541300
7989,594,46563,06037541400
3254,165,53550,06037542900
6104,378,100844,06037550700
7267,226,79132,06037551800
2736,59,43011,06037211410
4175,140,66042,06037211500
3517,165,40809,06037212420
3543,73,49867,06037212800
3014,55,44167,06037213100
4367,103,94620,06037216300
2861,71,43214,06037219800
4071,0,9632,06037222700
2422,64,36932,06037224310
2637,93,24878,06037224420
6816,152,95357,06085503506
6533,215,94861,06085503508
9035,0,,06031001602
3053,95,97736,06031000100
5976,226,80580,06031000402
6796,526,44796,06031000405
4519,218,73079,06031001001
4101,125,52181,06031001601
6811,345,54821,06031001003
5446,49,53581,06063000100
2510,36,43818,06063000400
1359,25,67121,06063000201
1142,12,64844,06063000202
4409,235,53169,06063000300
5686,59,110913,06079012302
6793,339,94133,06079012702
7491,221,75797,06079010201
4098,0,16297,06079010902
7700,509,63807,06079012000
234,0,47540,06079012800
4478,101,63810,06067008203
4630,219,62917,06067007202
4608,236,71996,06067007208
4786,280,61625,06067007414
3529,202,71132,06067007415
4730,200,76380,06067007903
5535,75,98750,06067008006
2153,37,130457,06073010601
4858,262,76500,06037402102
2294,58,106758,06037403305
6303,245,102188,06037403321
4913,212,81688,06037119700
6742,313,55483,06037117530
4087,160,47959,06037119310
5499,178,83333,06037119400
2846,159,117857,06037109200
3494,69,84429,06037113212
2303,75,112500,06037113231
4572,166,94983,06037113322
6879,291,65060,06037113421
3910,155,97634,06037117301
5324,124,107981,06037117404
4934,197,62903,06037121010
2735,55,79474,06037121600
7420,235,45123,06037231600
3194,16,26773,06037224410
5531,257,44209,06037226420
3982,189,31849,06037228710
4940,209,55841,06037232500
4819,140,202333,06037620301
5024,241,121000,06037620522
4168,216,36003,06037117520
4577,75,164125,06037106643
2797,146,67750,06037109100
4832,34,33387,06037109500
5169,135,84240,06037111202
7552,276,66861,06037111301
5083,83,141711,06037115101
4264,252,30817,06037119340
6769,173,54733,06037120400
4094,188,48850,06037123203
3659,47,50667,06037123602
4858,178,82500,06037124400
6558,458,53695,06037127400
3849,93,99792,06085504422
2355,116,95500,06085504602
4076,153,82841,06085505100
6936,237,84063,06085505202
6345,359,101196,06085505303
7423,622,134258,06085505401
7393,219,113398,06085505900
7753,335,156711,06085506604
3211,125,140250,06085507100
2971,74,167875,06085507203
4853,151,183875,06085507205
2426,65,250001,06085507206
4013,134,172639,06085507402
8452,389,102011,06085508304
6947,240,162097,06085508404
4473,133,149333,06085509106
3686,117,194471,06085509600
2038,42,186154,06085510802
5543,168,248750,06085511100
4698,232,218906,06085511200
6868,296,206689,06085512001
5414,55,40453,06085501000
4843,209,67067,06085501502
4363,200,144870,06085502800
7294,530,136563,06085502908
5388,230,139500,06085503003
4379,119,117879,06085503212
5118,251,54250,06085503218
4629,77,159826,06085503313
1819,74,50938,06079011501
9131,332,94680,06079012704
3908,55,107083,06079011600
6720,167,73821,06079012401
3777,126,143373,06085504416
9434,357,87311,06079010300
5437,235,76587,06079010701
3575,78,43162,06079011101
5784,83,71808,06079011102
7469,71,105000,06079011800
5162,527,79031,06081606000
2455,82,144479,06081606700
3588,177,153125,06081607000
3111,180,216037,06081607100
4188,60,57558,06045011102
0,0,,06045990100
3918,324,61379,06047000201
1889,90,45846,06047000202
10533,662,62980,06047000203
1526,33,40714,06047000401
9060,446,62500,06047000402
1406,125,34300,06047002401
7637,520,45781,06047002402
2389,49,67727,06047002500
5942,296,84931,06047002600
5869,364,44737,06053000701
3697,58,66582,06051000101
2444,30,61827,06051000102
4416,348,37350,06053000501
4182,254,46473,06053000502
5883,409,44961,06053000702
4185,228,76378,06053001801
5475,277,63368,06053001802
1592,20,66063,06053010306
5247,236,55028,06053010506
6016,355,59766,06053010505
4146,343,51053,06053010607
3227,178,62853,06053010608
5469,339,54205,06053010804
6986,398,54881,06053011203
3749,187,59438,06053011204
4175,192,73464,06053011303
7595,442,54811,06053011304
6973,161,113500,06037621301
5930,272,97054,06037650200
6824,159,71250,06037650300
3406,53,69766,06037670001
4868,58,92023,06037701302
3987,129,106923,06037701602
4645,30,68828,06037701802
3969,127,121719,06037702202
4291,166,56125,06083002101
8949,719,49868,06083002404
4162,261,37750,06083002705
4885,76,121014,06083003004
4927,24,96060,06083000200
6850,421,53588,06083002403
3663,86,116652,06083002906
4352,0,71371,06087121800
6506,0,102500,06087122201
3193,122,80804,06087123100
10486,21,54063,06087100400
8081,127,34660,06087101000
3672,179,64213,06079010703
10885,8,7461,06079010901
5572,215,71412,06079012502
10049,188,84102,06079012402
8061,408,56033,06019007003
4325,198,57656,06019007300
4225,349,35254,06019000300
1292,59,25083,06019000800
5342,252,28375,06019001301
2407,87,42240,06019001500
3981,160,74417,06037265202
3615,109,119886,06037265601
3000,29,88631,06037267403
3475,15,82500,06037267404
3044,90,117629,06037265602
2428,64,118393,06037267901
2865,95,58668,06037269602
3365,124,138750,06037267902
3393,53,53664,06037269601
3421,99,65750,06037269903
3927,13,70682,06037269904
2459,28,80119,06037269905
3158,73,95542,06037269906
2692,65,78895,06037269907
3245,30,92991,06037271901
4207,64,73918,06037271902
2390,8,62716,06037272201
3359,94,63355,06037272202
2641,35,72258,06037273402
2861,46,90161,06037273502
4221,132,144924,06037273902
1161,23,97500,06037275101
4284,91,128766,06037274202
4338,209,58221,06037275102
12100,536,148965,06037275602
5489,78,90375,06037276603
4624,73,93525,06037276604
5449,242,42544,06037275500
3368,150,130875,06001443321
9543,365,144817,06059021822
4146,83,170909,06059021828
2825,55,134000,06059021919
4841,105,104844,06059021922
7141,319,135659,06059021923
15339,577,163454,06059032023
3671,153,90417,06059032055
5074,107,109111,06059099215
3772,75,117996,06059099226
5431,147,142333,06059099231
4202,107,79674,06059099241
3647,78,92198,06059099242
2948,78,117750,06059099245
5072,85,95579,06059099309
4420,68,115717,06059099404
7372,305,81917,06037570701
4844,267,88264,06037571400
3222,59,106538,06037571800
1113,10,103603,06037572100
4735,132,91758,06037134201
2181,19,30371,06037310701
3641,202,104875,06037311000
4183,165,106321,06037311100
7788,176,74453,06037400304
4129,294,51011,06037294110
5027,301,80718,06037296300
5597,238,110699,06037297000
4711,68,66563,06037301203
4793,200,42344,06037310703
4250,243,75722,06037400602
3553,192,54799,06037575901
4416,178,145855,06081610304
5801,121,107779,06081610700
2451,71,220859,06081611600
4279,127,82702,06081600200
4100,72,140164,06081600300
7466,112,77053,06081600700
5685,130,70895,06081601502
8444,342,78185,06081602200
4196,205,106080,06081602300
5819,203,122308,06081603700
5586,124,124983,06081603900
3796,21,46394,06001406000
3154,77,137802,06041116000
5716,40,153512,06041124200
4177,92,98750,06041125000
4583,73,176776,06041127000
6424,195,115685,06037910807
2599,169,147917,06037910810
8682,376,49191,06071002401
8364,312,53880,06071002402
3782,205,30107,06071003700
7261,495,64792,06071004601
5424,234,42708,06071004700
3263,250,37048,06071004800
8442,158,51215,06071005100
4813,310,48942,06071006402
6968,336,83373,06071008402
3262,179,22031,06071009400
6433,81,51957,06071009707
5488,261,54231,06071009708
9766,308,92000,06071009711
3920,202,50263,06071009714
8222,335,67007,06071003200
10318,808,58868,06037920037
6990,225,94706,06037920042
6295,325,180500,06037920107
2036,31,111042,06037920328
3359,156,40301,06037900804
3272,39,61003,06037551201
31,0,,06037551600
2910,83,42330,06037900704
4916,284,63574,06037900805
4018,209,54066,06037900900
3776,171,107344,06037910206
3874,160,99943,06037910301
4537,200,38784,06037910502
5420,398,53646,06037910707
4309,114,113299,06037920017
3057,140,90781,06037543701
6637,117,78911,06037543702
5159,227,81190,06037543801
5449,150,58125,06037551300
3893,294,30481,06037120107
4732,224,39032,06037120108
2862,131,59267,06037121101
2479,32,48750,06037121102
5732,129,75324,06037310201
5104,168,74375,06037310202
4066,240,61906,06037310501
4376,215,35269,06037302505
3262,87,61283,06037302506
6383,316,69277,06037310601
2853,184,86806,06037310602
4049,183,35205,06037320201
6697,276,46631,06007000903
7107,164,73632,06007000904
2731,111,54207,06007001703
3583,153,41408,06007001704
2599,187,66750,06007002601
3628,136,48090,06007002602
2553,207,29235,06007003001
3158,21,41377,06007003002
3773,221,72500,06007003501
4495,174,48670,06007003502
4889,173,32401,06007003700
4483,11,54840,06009000121
3560,54,48321,06009000122
2776,183,64291,06009000501
1431,12,65000,06009000503
457,7,49063,06009000504
7290,128,64127,06013302005
3775,264,105729,06013302006
6652,209,73717,06013302007
4566,135,60156,06037132501
3922,136,52712,06037132502
3864,144,63846,06037134001
3691,203,57669,06037134521
6919,300,77353,06037134903
3665,85,54138,06037134002
3539,85,100950,06037134423
2916,47,147679,06037134424
4167,103,37869,06037134522
6742,83,63750,06059088601
3974,50,136250,06059099238
4057,109,103159,06059099310
3670,85,94881,06059110106
3812,45,93050,06059062628
6154,301,88243,06013340001
3969,125,154276,06013343003
4992,123,144306,06013345103
6525,260,148229,06013345105
7299,113,129279,06013345108
7859,235,183958,06013346201
5066,72,230156,06013348000
8763,185,152179,06013355304
5522,128,151382,06013356002
4915,139,122232,06013359204
5590,216,53790,06013365002
6627,271,58869,06013366002
6042,148,64327,06013367200
7254,366,43218,06013369001
4468,216,54049,06013373000
7323,358,39232,06013377000
1308,15,143226,06013385200
2741,109,101776,06013388000
3324,99,128068,06081607702
4391,120,41701,06109002100
3770,92,57500,06109001100
3516,163,38094,06109001200
5933,202,65625,06109003200
8493,267,73282,06109002200
5491,214,54640,06109004100
2170,40,69524,06109005201
5783,148,77258,06109003100
3487,63,55994,06109004200
6477,181,61776,06019003900
4800,226,123550,06019005802
8311,135,99250,06059063907
7602,371,68021,06059074601
7291,102,133993,06059001707
5177,125,47406,06019001600
2868,114,51131,06019001900
6200,640,38323,06019002100
4720,379,32295,06019002501
4209,283,29528,06019002701
5151,232,51667,06019003201
3368,63,155227,06073017021
5054,277,118750,06073017034
5923,238,102847,06073017041
3906,94,126765,06073017104
4301,76,128281,06073017200
2214,60,87083,06073017809
7099,278,66115,06073017900
2816,135,73824,06073018510
3960,71,46779,06073018512
9921,353,80884,06073018513
6747,395,38424,06073018603
3539,112,49077,06073012401
4767,114,82589,06073018515
3764,160,84643,06073018518
5837,101,89392,06073019001
5682,248,97083,06073019103
5909,304,71854,06073019206
7921,135,91652,06073019303
3994,170,72217,06073019405
5873,206,58750,06065041407
6192,169,137604,06065041810
5391,225,107880,06065041904
6179,366,48242,06065042010
2889,49,129779,06065042207
5439,402,34457,06065042209
4856,158,35929,06065042210
8827,488,57475,06065042300
2704,63,44242,06065044804
1590,16,66389,06065044805
11044,602,24956,06065045604
1645,83,53385,06065045900
1881,157,26157,06065046102
3575,113,72310,06065046401
5762,288,48650,06065046402
5542,108,64054,06065041412
2329,76,108188,06065041807
7165,145,46018,06065041813
4108,92,74375,06037128500
6157,260,66434,06037131800
3042,65,64167,06037134304
4305,224,69286,06037134306
3726,65,145313,06037135102
7515,412,116518,06037135203
4445,165,126328,06037139301
5449,230,34527,06065045207
4027,62,50729,06065045302
4821,180,30417,06065045706
3320,202,49656,06065046101
2871,87,25778,06065046200
1734,81,43333,06065044000
4365,209,84042,06065040904
3746,151,67375,06065040606
2643,62,74329,06065040703
10135,409,93007,06065049000
5339,165,54127,06065049100
3067,50,60897,06065049400
4000,222,64873,06065048901
7835,348,50899,06065048902
7220,220,31009,06065049500
8220,224,92262,06065049600
9342,418,138750,06065049700
4621,244,70625,06065049800
13390,616,103333,06065050300
6150,315,133438,06081607500
4396,45,107625,06081607701
3380,101,138625,06081607800
3640,121,161847,06081608002
4011,168,151506,06081608013
1803,39,198929,06081609602
4985,191,134398,06081610000
5245,331,73036,06081610500
5432,309,61602,06081610601
6965,212,136075,06081611000
2816,126,173125,06081611200
5377,176,131086,06081611300
8646,964,57627,06081612100
5637,108,96400,06081600600
2810,80,90625,06081601601
3760,197,131375,06081603200
3020,53,98750,06081604102
3012,74,104412,06081604900
8376,312,156863,06081605000
3181,127,112984,06081605100
3494,197,198875,06081605200
7788,583,81231,06081606200
3501,210,250001,06081606500
3723,164,151369,06081606600
2898,135,183958,06081606900
3611,198,122614,06081607600
6009,149,111339,06081601603
3700,89,71506,06081602100
5407,255,36687,06067004502
4896,215,166319,06085503333
8938,146,250001,06085503334
3580,78,112554,06085503336
3455,77,87639,06085503337
3858,131,44688,06085503710
5368,319,84464,06085503711
4484,113,44911,06085503712
3550,135,62560,06085503713
5973,475,84234,06085503902
3773,128,101563,06085503903
3082,120,135769,06085512034
9105,253,159127,06085512503
8351,351,79792,06085512508
3788,160,121543,06085500300
4180,23,120909,06085500800
5742,350,75594,06083002211
5229,143,91118,06083002809
5619,154,89708,06097151100
4271,144,90556,06097150602
4939,25,87025,06097150701
6038,189,52375,06097151305
5783,234,95161,06097151307
5716,68,75025,06097151310
3286,119,50282,06097151900
3937,69,58333,06097152201
6510,214,67887,06097152202
5459,275,89510,06097152904
5669,188,65701,06097153003
4816,138,98598,06097153501
3506,61,59761,06097153703
6575,65,89038,06097151311
3554,36,104063,06097151504
4352,236,69933,06097152501
4631,147,109167,06097152801
4382,11,92198,06097153404
6265,136,102647,06097153600
2606,66,96324,06097154000
1980,67,49856,06097152000
7564,389,50691,06097152802
12385,325,79528,06097153300
3360,117,47708,06037532002
6747,275,50313,06037532101
2739,103,49063,06037532604
3111,91,92525,06099000602
6430,200,53105,06099000801
3557,147,73519,06099000907
4367,151,78594,06037702400
3757,58,86959,06037702502
7213,83,130703,06037800102
6424,162,57202,06113010608
8168,327,106011,06113011205
2657,50,102596,06113010508
4156,86,100583,06113010607
2659,72,72574,06113010704
3532,88,53636,06113010800
7486,278,50528,06113011001
9111,540,85861,06113011300
5748,58,38021,06113010602
5464,174,59203,06113010901
5722,214,65350,06113011500
2557,53,86779,06059099307
4594,205,108478,06059099408
5275,145,93750,06059099240
5636,237,48315,06059099248
3046,55,90000,06059099250
2679,55,126429,06059099504
3874,188,122917,06059099604
4951,169,105313,06059099605
5742,59,61392,06059099801
3141,243,115045,06059110003
2981,73,82569,06059110005
5131,277,141477,06059110012
5809,243,83010,06059110110
4447,280,87500,06013355110
6218,199,105515,06013355111
5687,242,191359,06013355112
4947,90,208500,06013355113
11848,367,209154,06013355114
7981,445,123750,06013355115
8933,342,207303,06013355116
7292,172,250001,06013355117
5315,96,126042,06013355306
5237,85,81989,06013359103
2086,92,91014,06013359104
5006,203,123750,06013359105
4405,141,87333,06013360101
4115,35,127125,06013360102
5164,92,73750,06013365003
8082,405,134101,06001441401
4982,327,130625,06001441601
1846,11,129519,06055201500
5271,219,67119,06055202000
2231,92,66806,06055200203
2987,30,69300,06055201300
5011,139,68950,06055200501
1706,23,66683,06055200503
4695,126,57333,06053000103
2679,115,80750,06053001400
6354,326,77191,06053001500
9315,288,81295,06053000102
5246,203,65897,06053010504
6464,56,148125,06053010701
3266,87,126250,06053010702
8821,0,,06053010900
4733,224,50307,06001406100
6586,210,43226,06001406500
4299,178,31860,06001407500
2873,194,125119,06001407900
6320,249,131127,06001408100
5977,322,56947,06001408500
7909,487,59514,06001408700
3672,146,55160,06001409200
4128,270,43750,06001409500
4978,155,51958,06001409600
3630,63,59282,06001410200
3873,128,159391,06001421300
3492,77,92500,06001421700
2156,133,104826,06001422000
3643,107,79555,06001422300
9064,0,19777,06001422800
6182,35,139395,06061020605
5634,94,112500,06061021109
16789,770,98023,06029003804
4850,177,77900,06029002821
5451,185,55147,06029000800
5476,282,46052,06029004101
2221,5,51181,06029005600
5253,231,32511,06029004102
4522,53,34554,06029005201
5322,410,33563,06029000300
4595,196,38134,06029001902
5104,192,70192,06029000908
10642,599,64722,06029001000
2723,82,70924,06029003811
6015,192,73281,06029005501
5562,150,54750,06029000700
4038,244,35530,06029002814
9253,397,116172,06059052515
10849,630,100455,06059052517
7589,349,99474,06059052518
5280,259,66053,06037501503
3080,69,101563,06037530003
3840,142,44722,06037530902
3775,132,41652,06037531604
2510,40,35625,06037533105
1655,57,41504,06037533106
5644,220,136000,06037310100
3247,122,92955,06037310400
6734,309,52532,06037320300
2420,81,64335,06037121221
5139,352,55192,06037121222
3127,69,42520,06037121801
3636,145,92850,06059075506
5200,343,71875,06059075513
4299,91,67188,06059099902
5764,245,78451,06059099903
4691,208,106875,06059110001
5785,142,111169,06059110102
5410,84,85104,06059110109
4827,96,102180,06059110114
5588,210,76941,06059110402
8677,575,56303,06059110500
6215,157,83125,06059042331
4207,61,165000,06059042333
4220,82,142344,06059052404
4110,151,150764,06059052415
21717,1160,96509,06059052418
3434,129,165150,06059052419
5447,205,121373,06059052421
1622,4,107857,06061022011
2932,33,75563,06061022013
1318,47,76971,06061022014
525,7,,06061022100
751,48,78553,06061022200
415,0,68077,06061022300
4402,277,114150,06061022400
4721,87,124787,06061022500
5042,188,90966,06061022600
4685,266,107167,06061022800
5394,105,92034,06061022900
3623,187,121250,06061023000
8339,298,135101,06061023100
6000,397,109885,06061023200
5930,298,125461,06061023300
5674,176,98625,06061023400
6011,324,146994,06061023500
4182,0,66689,06061023600
3197,0,67665,06061023700
3023,0,63833,06061023800
3289,66,107750,06061023900
31118,840,97956,06073013310
22349,1367,120786,06073013314
3468,161,92813,06073013420
4488,111,97548,06073013421
2251,92,77386,06037574202
3688,22,83482,06037575001
2254,145,36573,06037575801
2947,17,81250,06037577400
483,0,,06037599100
6491,315,41477,06037600902
6869,172,34849,06037601100
3042,70,81797,06037603500
6609,540,52590,06037603704
7666,415,51110,06037603900
2785,84,205750,06037620901
5805,119,96250,06037650001
3044,137,115174,06037650501
3534,129,77350,06037651102
3151,0,82614,06073000500
5741,101,64092,06073000900
7300,298,32087,06073002302
4640,351,54973,06073002710
4476,228,124583,06013323000
3810,185,145273,06013326000
6070,239,116887,06013333200
5240,162,139545,06013341000
4859,240,124063,06013343002
5781,299,157171,06013345101
6111,176,118000,06013350000
8635,233,148618,06013355301
6285,240,59567,06013358000
5982,228,91866,06013359102
5342,247,57059,06013367100
7541,200,67047,06013372000
6455,225,137218,06013345112
4548,79,185272,06013345113
6687,142,154231,06013345114
6817,357,121010,06013338204
6934,199,107583,06013339002
3694,128,81497,06013339001
5910,125,205026,06013345115
4888,233,75179,06073019406
3801,84,70267,06073000400
2794,97,186528,06013345116
6743,186,136528,06013345203
3763,90,219750,06013345204
4123,129,146680,06013346203
7708,284,203636,06013346204
2683,0,66611,06013351101
3791,0,48447,06013351102
2012,0,89722,06013351103
5361,220,96816,06013355107
13457,280,109034,06013355108
7559,104,105456,06013355109
3993,27,68346,06037407602
5727,217,96620,06037407801
3476,129,84643,06037407802
4577,284,86463,06037408003
2493,82,78641,06037408004
5161,144,113477,06037408005
3344,61,80500,06037408006
10943,592,95330,06065050400
15912,711,94861,06065050500
7748,395,89479,06065050600
12772,548,95104,06065050700
4682,168,81583,06065050900
7242,450,76313,06065051100
5113,75,67348,06065051200
2890,73,51083,06037119341
2911,173,58611,06037119342
3452,168,26875,06037120103
2228,61,38672,06037120104
2832,97,33984,06037120105
4763,270,36217,06037120106
5787,243,64472,06037910713
3870,228,56652,06037910714
6653,339,55118,06037910715
5770,336,73466,06037910716
179,0,121771,06037910811
363,5,81563,06037910812
4080,107,105703,06037910813
3926,95,53830,06037911001
172,0,67188,06037920011
1111,40,71591,06037920012
2399,103,98472,06037920044
4282,110,141029,06037920045
6518,390,120536,06037920114
5466,244,90214,06037920102
3957,196,117955,06037920115
5481,241,113720,06037920116
6035,262,126425,06037920118
1974,79,142321,06037920119
6881,452,56912,06037920336
6943,213,56297,06037920337
5711,160,156776,06037920338
7420,250,143047,06037920339
90,0,149063,06037930101
796,10,84219,06037930301
0,0,,06037980001
0,0,,06037980002
0,0,,06037980003
0,0,,06037980004
68,0,,06037980008
0,0,,06037980005
0,0,,06037980006
3951,46,116250,06085501300
3733,99,94821,06085502910
4141,119,53050,06085503112
6178,407,91791,06085503116
4150,78,98233,06085503207
4834,210,77786,06085503217
4763,187,135877,06085503323
3625,151,140192,06085503324
4722,160,140938,06085503325
6078,176,63614,06085504001
5079,212,156088,06085504201
6095,163,91971,06085504318
5884,136,134773,06085504411
5115,154,102344,06085504418
3052,144,134500,06085504806
5017,140,89853,06085506401
7421,391,69704,06085506501
4690,188,156667,06085503321
4504,38,94063,06085503327
5826,141,74607,06085503510
4111,106,92500,06085501200
4982,374,54797,06085501700
7541,305,70398,06085502201
4130,95,41827,06019004703
4192,212,70307,06019005406
5128,213,84841,06019005509
4010,186,83188,06019005606
9788,373,60979,06019006000
3663,159,124107,06019004405
4129,193,124632,06019004301
5186,191,53300,06019005704
7558,350,40838,06019003102
4837,183,58088,06019001800
6009,407,27375,06019008301
4255,200,28971,06019001000
6153,248,48153,06019004205
5425,199,42946,06019004505
5671,139,100316,06019005508
5194,106,93125,06073009801
5025,121,92396,06073009805
4134,169,75350,06073010011
18854,558,91846,06073010014
7155,195,65737,06073010200
1547,54,71500,06073010501
5189,59,47788,06113010204
3069,44,71184,06113011103
3237,95,60281,06113011101
3672,129,70469,06113010509
5607,269,84205,06113011204
5182,261,45962,06113011102
4450,128,31147,06023000500
6338,19,26885,06023001000
3346,71,55000,06023010300
3659,145,62900,06023010400
1902,40,80625,06023010600
4606,102,42407,06023010800
5788,289,41967,06023000300
4998,145,62885,06023000600
4242,263,29516,06023000100
5428,90,45919,06023000200
2423,68,44257,06023010102
5229,44,61554,06023000900
4687,160,54222,06023011000
5229,58,58476,06023000800
7876,374,59089,06023010501
2775,80,47583,06023010200
4347,178,39778,06023011100
5316,136,62670,06023000700
4189,213,30698,06037242000
6035,327,46492,06037242700
7004,155,86601,06037267200
6981,188,100919,06071001905
4855,205,61591,06071001813
10032,465,83475,06071001906
4233,78,134375,06071002011
4084,142,103385,06071002013
4801,127,125867,06071002014
4533,142,89250,06071002015
3660,219,76136,06071002016
5599,223,143170,06071002017
4607,158,90645,06071002018
5579,273,80000,06071002019
3635,147,82102,06101050402
3705,99,109063,06101050403
6032,282,59359,06101050702
2522,64,42348,06105000101
4091,226,46273,06105000102
4663,302,61890,06107002203
2879,127,47222,06107003501
5933,325,41545,06053011302
4462,119,55764,06053011400
2113,74,100708,06053012100
2366,25,78500,06053012600
4176,71,135742,06053013200
6199,368,64504,06053013300
1987,49,77813,06073008339
7480,303,116696,06073008347
10247,665,112525,06073008354
6388,134,84966,06073008505
7441,351,72532,06073017604
3399,133,47867,06073018400
5180,151,84013,06073015501
7146,558,27004,06073015703
3544,276,36625,06073015801
4877,163,54830,06073015802
4037,194,42348,06073015901
2265,90,75875,06073016000
5382,152,97594,06073016201
4082,251,85457,06073016610
3987,207,106250,06073016614
4488,90,99750,06073016615
8517,423,63357,06073016702
5469,254,98281,06073017022
4859,224,140394,06073017108
3250,141,114972,06073017305
6665,214,111852,06073017811
5502,303,51420,06073018511
2721,110,120833,06071000111
7837,351,57773,06071000303
3812,130,96722,06071000812
10458,412,126233,06071002010
7188,153,69591,06061022002
841,0,73938,06061020104
2925,89,47230,06061020107
8759,407,116795,06061020602
6704,287,126846,06061020604
4566,213,52583,06061020300
3783,84,70094,06061021103
4875,128,89231,06061021902
6057,320,87333,06061021304
1277,38,68958,06061020106
2467,59,43958,06061020901
1261,11,36731,06093001200
4488,31,86856,06037401701
3945,10,79327,06037401901
4976,296,45313,06037402801
4863,123,106188,06037403304
6757,326,84976,06037403316
4992,138,114063,06037403320
2645,30,95625,06037403404
2955,116,85417,06037403406
6224,224,73250,06037403801
5140,244,88611,06037403902
5503,245,49534,06037404301
1719,108,66736,06037404803
2738,113,60993,06037404903
3979,172,41011,06037190520
2951,114,63611,06037401603
4086,242,54989,06073014901
3481,305,71975,06073016503
5228,132,88641,06071000818
5013,164,127833,06071000819
3874,118,137115,06071000820
4017,216,67301,06071000821
6604,138,59071,06071000823
5645,206,48545,06071000824
4129,133,53349,06071000825
4158,218,65034,06071000826
5051,212,61938,06071000901
4926,95,70618,06037481103
4840,210,123021,06037500100
1710,23,55606,06037920038
3623,115,109625,06037480002
7150,174,79872,06037500700
2864,56,98533,06037670405
7333,511,51857,06037601302
5457,229,47541,06037602404
3063,206,63485,06037702803
4634,155,21604,06037900806
3187,69,100679,06037271500
2196,77,60179,06037277200
4693,122,51212,06037201401
3424,67,39229,06037212202
8180,166,51353,06037432500
3362,138,71645,06037433802
3797,236,138611,06037462900
2176,96,78077,06037404302
4713,221,48547,06037433402
6249,251,77569,06037461000
4284,215,153487,06037480702
6849,316,52906,06037530302
1398,23,72574,06071011300
4438,45,89183,06071000103
5430,119,112802,06037300702
1981,43,136708,06037300902
1894,102,119107,06037301300
3087,81,44477,06037123303
4408,122,44790,06037123420
3809,171,49375,06037127300
4870,227,35728,06037127520
4176,311,39488,06037128303
3197,101,81613,06037131100
6061,287,82045,06077004600
10238,474,95000,06077005114
4720,94,82059,06077005123
4870,356,55481,06077005303
6313,229,85833,06077005403
6097,181,54082,06077002800
5185,263,54032,06077003213
4938,319,49219,06077003310
23978,1193,93529,06077003500
3638,83,109375,06077004104
5541,203,58827,06077004402
5012,204,55615,06077005108
6353,152,82031,06077005113
4507,96,54268,06077003405
5220,94,55958,06077001101
4680,97,32836,06077000700
6797,300,102903,06065041912
5414,197,80406,06065041913
6956,321,90028,06065042012
11624,329,133237,06065042014
4375,153,43482,06037228220
3122,142,43272,06037228320
3600,141,41012,06037228410
3304,144,38094,06037228420
4869,267,33125,06037228500
2918,130,23750,06037228900
4759,368,42250,06037229420
4653,228,29741,06037231220
5396,171,48912,06037231500
2424,0,76761,06037234200
4069,127,212188,06037143901
4155,103,63899,06037183220
6070,200,109886,06037185100
2991,68,42202,06037185320
4985,176,92569,06037186100
4224,96,97500,06037408136
4277,133,70976,06037408137
5432,316,58594,06037408138
4536,133,71028,06037408139
3793,144,64692,06037408140
5366,245,75722,06037408141
5193,209,86296,06037408504
2653,49,113702,06037408505
2510,95,83793,06037408630
5214,162,80417,06037408631
2975,60,70109,06037408723
5542,406,41486,06037408724
4971,97,117543,06037430003
4517,177,64583,06037430901
4539,162,83853,06037430902
4480,155,64244,06037431501
4273,220,62531,06037431502
4476,307,77250,06067005204
1598,81,21522,06067005301
2122,31,33036,06067005509
5522,352,44346,06067005510
2837,136,38207,06067005903
4884,12,66553,06067005904
2400,0,40045,06067005205
6158,126,81794,06067007015
6040,347,74754,06067007016
3309,99,95909,06067007017
6096,267,70919,06067007018
1461,92,23661,06067007019
4336,106,99511,06067007020
312,31,110625,06067007101
8662,413,93731,06067007102
3869,186,87436,06067007103
8397,281,129398,06067007104
7100,175,84250,06067007105
8420,201,112906,06067007106
3808,157,126351,06067007107
2402,117,59850,06067007426
5766,138,54806,06083003001
6315,213,121507,06083000502
3350,61,130990,06083000501
6302,397,76163,06083002011
2398,125,70496,06083002102
5606,567,50350,06083002205
0,0,,06037980007
5,0,,06037980009
223,10,150250,06037980024
95,4,19167,06037980010
3448,136,127667,06059042319
4465,54,98654,06059042324
3606,152,115174,06073017036
4441,188,82835,06073016616
9508,260,87440,06073016701
3505,109,82708,06073017035
4037,176,140583,06073017046
3364,135,108462,06073017049
2439,22,131818,06073017306
3627,160,107083,06073017702
6842,145,85500,06073017801
4578,116,114141,06073017810
3258,79,89028,06073018000
6754,362,50881,06073018200
10139,524,75360,06073018507
5719,305,71066,06073003003
4664,353,70870,06073003105
5157,355,67841,06073003201
5469,149,59781,06073003209
3820,226,47174,06073003301
6382,386,61667,06073003401
6291,601,117710,06073004200
3943,111,70250,06073004300
4587,293,79692,06073005600
3760,92,85625,06073008101
2214,50,194643,06073008313
2621,30,173207,06073008331
5067,118,63061,06073008343
4012,31,83816,06073008345
3461,165,102750,06073008355
4028,134,94569,06073008356
4540,117,58494,06073008359
6801,158,77083,06073008360
6526,268,89115,06073008504
5320,67,79853,06073008702
2231,23,82560,06073008902
6153,181,114844,06073009101
5723,307,59899,06037901010
5314,270,72917,06037901011
1634,29,63365,06037901209
8479,334,91387,06071004504
5363,327,43668,06071005300
6750,365,40421,06071005400
9180,468,32354,06071005500
3718,321,38438,06037602801
5019,84,68097,06037602802
5928,112,50656,06037603005
1898,81,58750,06037603006
4748,141,59085,06037603801
4040,231,58716,06037603802
4207,170,67407,06037604001
4856,80,61607,06037604002
5845,199,118542,06037620305
7768,568,44444,06019006604
2731,128,44042,06019007801
5354,427,22391,06019007802
3251,0,,06019007901
2952,103,52173,06019007902
4420,291,35852,06019008501
9242,586,36395,06019008502
6841,157,39178,06023001101
1320,41,43427,06023001300
4655,170,43523,06023010901
4179,105,54286,06023010902
3241,47,65283,06023011500
3465,109,35163,06023011600
3263,207,37222,06023940000
0,0,,06023990100
1664,52,22475,06025940000
4137,0,,06025010101
4108,306,35380,06025010102
5704,275,40455,06071004202
4284,130,46470,06071004401
10389,415,47094,06071006302
4644,310,63529,06071007404
7394,191,111802,06071007901
6422,191,89954,06071008301
8589,271,68589,06079011902
5279,177,59853,06089010602
1477,66,64605,06089010603
3242,94,46357,06089010703
3956,131,32130,06089010704
5970,328,54025,06089010803
2660,40,64375,06089010804
12394,637,74554,06107003502
2509,0,,06109985202
5433,123,98750,06111002905
5076,71,86500,06111000303
3240,155,71579,06111000702
4279,99,75200,06111000304
7508,374,61875,06111000701
9833,490,99071,06111005004
6454,151,69932,06065045121
1514,19,88542,06065045122
2428,0,96190,06065045123
2157,54,63062,06065045124
3159,0,123792,06065045125
2601,43,56142,06065045212
6526,187,57962,06065045213
5112,123,76974,06065045214
9761,322,102845,06065045215
2407,0,67458,06065045216
8275,510,46189,06065045217
2686,77,51619,06065045222
5878,246,70759,06065045224
8410,499,48586,06065045226
6517,253,81348,06065045228
4367,153,59939,06065045233
1987,57,67083,06053011502
2995,86,98375,06037141304
3720,113,82199,06037143604
4355,175,61719,06037183103
2392,82,87000,06037143603
3522,65,60048,06037183221
2146,29,92806,06037183104
3493,154,79861,06037183222
2531,78,61875,06037183401
3006,58,65568,06037183402
3720,61,48654,06037183701
2775,105,62778,06037183702
3566,195,49698,06037185203
6280,479,47273,06107002204
1921,57,86971,06037185204
3201,81,61733,06037186201
2007,28,95089,06037186202
3416,171,114461,06037186203
2906,129,53125,06037186301
5096,112,78264,06037186302
1733,89,44545,06093000600
4436,211,38062,06093000702
3625,95,50865,06093000800
2012,57,35433,06093001100
7510,220,53088,06093000900
3777,121,65735,06093000701
1711,112,34648,06093000200
656,15,39327,06093000400
1834,48,36960,06093000500
3939,79,46303,06093000300
6544,164,44844,06093001000
1076,39,29531,06093000100
3354,171,47258,06093000703
1658,11,21411,06089010100
4329,163,59235,06089010300
4266,126,47650,06089010400
6273,272,81250,06059075806
4163,192,125574,06059075807
3300,146,132098,06059075808
2822,24,196406,06059075809
6477,316,70972,06059075812
2915,65,130938,06059075814
9594,464,77062,06059076101
7619,277,127500,06059076201
5412,94,89015,06059076208
4864,349,63917,06059086304
4266,50,104362,06059086305
8069,444,66519,06059086702
3973,98,121156,06001444301
5787,188,139119,06001444601
3308,90,178200,06001443322
5185,189,105188,06001444302
4563,248,128229,06001444602
5664,176,162794,06001450102
3156,165,138929,06001450501
5490,223,176733,06001450502
6273,146,158529,06001450744
6712,161,190195,06001450745
5750,234,143611,06001450101
6684,332,128737,06001450743
3525,95,114612,06001450746
5630,322,122309,06001450750
11119,558,239094,06001450751
7343,236,228980,06001450752
2308,118,122019,06001451403
2421,43,142396,06041102100
4582,52,91630,06041106001
6543,170,119014,06041108100
6901,176,87713,06041108200
5016,180,182064,06041110200
6911,133,160417,06041128100
7887,122,140143,06041103100
1653,62,133693,06041104300
5206,85,111060,06041114100
4983,114,233500,06041119100
4512,179,96313,06041112100
3242,103,96591,06041114200
4212,137,105863,06041117000
5857,105,122685,06041120000
4224,81,116528,06041126200
4957,206,157321,06041128200
2658,41,96667,06041133000
7290,140,115847,06041103200
7528,270,146343,06041115000
2271,37,156250,06037137301
5000,139,46743,06037139302
4299,126,125781,06037137401
5365,308,115978,06037137402
5662,103,70463,06037139200
2861,117,124830,06037139703
3488,53,157557,06037139801
4178,155,196741,06037141600
7056,122,116222,06037143400
6458,258,116958,06037181000
3758,97,52232,06037183520
2033,84,41453,06037191204
2532,41,27306,06037191620
3176,76,56996,06037191820
3840,196,49464,06037192510
5269,155,45823,06037192520
3703,88,35948,06037192610
2019,50,113571,06037194500
3089,81,75104,06037195300
2948,76,72035,06037195600
4759,75,44637,06037199400
5828,230,37755,06037199800
2302,45,53750,06037201504
2241,102,40000,06037204820
4344,146,47120,06071000903
3662,90,53138,06071000904
5557,301,58567,06071001001
4225,123,68180,06097150306
6183,478,66510,06097150305
5145,210,124643,06097150607
5033,249,78160,06097150609
3983,123,111429,06097150610
4147,117,99722,06097150611
4676,156,109028,06097150612
3013,28,77306,06097151601
2985,13,69537,06097151602
4458,192,86852,06097152905
5576,137,108365,06097152906
4507,131,60640,06097153103
3949,80,52132,06097153104
3534,114,120605,06097153804
3244,78,94018,06097153806
3459,23,123684,06097153807
4388,107,94735,06097153809
3959,195,64309,06097154201
6050,133,72317,06097154202
4393,50,72841,06097153808
1528,16,78882,06097154303
2455,54,62153,06097154304
0,0,,06097990100
8439,339,83563,06099000510
4040,111,52386,06099002005
4681,165,85586,06099002006
3848,171,51842,06099002401
5567,271,38061,06099002402
4848,255,44890,06099002503
4588,245,78750,06099002504
12851,459,95800,06099003606
4552,108,84224,06037134905
3485,195,85505,06037135113
5106,107,58958,06037135114
5382,172,89344,06037137103
5639,207,86488,06037139001
4043,57,49866,06037134904
2754,81,106111,06037137104
2706,98,57440,06037139401
2899,195,137578,06037139402
5946,145,57006,06037139503
3936,158,74425,06037532102
3364,179,51433,06037201503
1539,7,87000,06037207400
4345,155,31731,06037208903
4545,147,54894,06037209200
3561,134,31712,06037210010
3573,90,44330,06037211420
2914,42,27092,06037212203
4447,135,43608,06037212610
2916,168,77708,06037214400
2383,58,102868,06037214600
4638,359,36488,06037218120
2641,106,44872,06037218500
3165,102,50035,06037221210
4373,171,37500,06037221302
2557,66,31996,06037224200
5982,214,95339,06037463500
6731,252,79101,06037460900
5419,257,90444,06037461100
1526,61,123854,06037461700
3731,193,74896,06037480101
3197,101,38060,06037221120
5120,177,56548,06037222500
2733,126,27332,06037224020
2972,63,28616,06037224320
3623,145,47361,06037227020
4825,270,38933,06037228720
5072,266,41250,06037229200
5754,277,49803,06037231300
4165,219,26444,06037231710
6568,281,38341,06037232700
5764,156,29766,06037236202
4282,63,66359,06037236400
3707,374,33897,06037237720
7326,483,40764,06037240500
6736,544,45619,06037240900
3520,100,159563,06037261102
4405,153,184000,06037262200
2748,122,215750,06037262301
3059,112,250001,06037262400
2454,28,112500,06037265100
11977,0,,06037265301
2157,67,55855,06037530700
4824,175,40385,06037531301
3293,125,40573,06019006900
3407,146,37917,06019007400
5221,226,50434,06019007700
6284,383,27031,06019002000
5243,109,89179,06019004302
3152,159,36202,06019004404
8236,143,62752,06059110201
5975,149,89351,06059110302
6318,176,55182,06059086502
6447,405,58125,06059086602
9054,265,82788,06059086701
8751,266,63622,06059086803
8270,334,45085,06059086901
4741,117,54803,06059087101
4082,113,52404,06059088201
2106,57,97974,06059099513
4801,160,132353,06059110010
8669,495,59777,06059110603
7704,334,98125,06059110604
11591,499,129294,06059021815
7772,333,101023,06059021821
2806,207,76019,06059021826
5278,85,170345,06059021829
3221,122,139208,06059021917
4314,102,132386,06059021924
1639,31,102031,06059032011
5275,180,95735,06059032013
6679,134,130417,06059032015
5355,156,152279,06059032042
4534,174,90985,06059032047
5207,100,86960,06059042201
8190,194,61757,06059042310
6022,39,125347,06059042311
5824,98,99792,06059042315
5124,60,118167,06059042327
4603,118,107424,06059042338
4905,90,84459,06071001200
5363,219,42429,06071001600
3993,276,79359,06095252908
5512,159,84457,06095253101
2969,107,82292,06095251300
5410,246,79974,06095252704
6584,255,53617,06095253105
7116,301,100484,06095252904
6720,0,,06095253000
8343,138,76779,06095253402
3900,155,86797,06095252102
9421,243,129600,06095252201
3353,115,88576,06095252306
4705,133,77961,06095252401
3002,119,63291,06095250400
3124,145,54358,06095251100
4326,194,40174,06095251500
2580,236,41699,06095251600
5119,204,56116,06095251901
11383,579,116775,06095252202
3900,131,72337,06095252604
6598,224,77478,06095252702
4846,254,77739,06095251803
3663,80,58611,06095251200
4087,127,102230,06095252706
3898,248,48815,06095252607
5336,173,105542,06095252305
10676,44,68284,06095253500
5899,217,71224,06095251400
2816,199,49677,06095252501
4101,138,27969,06015000101
6108,91,69509,06015000201
1251,46,38977,06015000203
3993,63,108100,06059110115
4698,207,115700,06059110116
5512,294,98417,06059110203
4541,163,58750,06059110606
7823,283,55236,06059001802
6077,199,71910,06059011000
4374,207,71337,06059011200
4485,132,70321,06059011502
5314,137,53556,06059011602
6829,537,51479,06037243000
2678,64,217462,06037262100
3038,105,250001,06037262303
3539,184,212386,06037262601
4424,109,102758,06037400900
3896,228,79539,06037401102
5401,244,74219,06037401312
6782,345,85963,06037402200
5096,181,77813,06037403312
6174,173,61773,06037238000
3804,209,34131,06037238320
7600,331,161683,06085508202
4428,191,126285,06085509108
4978,230,183787,06085509109
7129,396,124803,06085509404
5729,135,111520,06085509500
4694,276,54746,06037238400
4756,310,16586,06037242600
6772,402,27879,06037243100
5882,268,92381,06037264302
3990,0,20655,06037265305
1838,58,198542,06037265420
6649,203,105284,06037267100
2666,55,86121,06037267800
4813,139,127054,06037269000
3840,137,165208,06037269300
3797,146,191538,06037269500
3389,49,199094,06037261101
7077,225,70886,06083002305
5109,171,105159,06083003005
5424,121,76505,06083000102
7004,252,114167,06083000700
6876,252,86701,06083002210
4973,260,56410,06083001101
4556,131,62778,06083001102
6041,350,50649,06083002304
9003,669,71543,06083002306
13173,1034,59560,06083002402
8114,324,91618,06083002808
2879,0,126500,06083002604
6111,81,70196,06083000101
3574,39,47699,06083000900
5691,223,82829,06083002005
4496,108,97083,06083002010
5219,325,86881,06037124000
2988,28,42826,06037124300
2925,124,90565,06037124500
5892,208,76595,06037125100
5045,124,39645,06037127220
5511,183,102961,06037554518
2423,81,65391,06037552400
4416,169,57454,06037552602
6819,230,71717,06037552700
4328,85,78152,06037554700
4471,306,62500,06037570303
5172,234,49623,06037570603
2296,36,105000,06037570702
5324,214,35870,06037576200
7185,328,79235,06037577100
5848,58,87708,06037577200
2712,98,66908,06037600501
2097,117,66542,06037600502
4306,64,98571,06037600702
4409,267,29203,06025010700
7497,350,48315,06025010900
6221,309,85669,06025011201
6227,223,32480,06025011500
6779,232,22041,06025012100
11695,706,46194,06025011300
1046,37,68646,06025010300
14848,1111,81764,06025011000
4219,183,46000,06025011100
1631,18,63211,06037901210
3853,155,116742,06037901213
6345,376,46576,06037910001
7723,235,46875,06037910002
1863,144,44091,06037910101
5099,134,101327,06037141400
2982,86,219698,06037141500
4362,122,39631,06037123304
5358,341,40607,06037296600
4707,44,88229,06037297500
5986,64,97083,06037300400
4663,128,54847,06037265510
4397,60,83911,06087100900
12647,511,109443,06073019806
7214,312,78300,06073019701
5115,244,91667,06073019803
5035,357,84048,06073019903
7957,342,59775,06087110200
6106,481,102569,06025011803
6290,457,32279,06025012302
4570,230,32193,06025011400
4984,55,58194,06025012301
1128,10,65455,06025010800
5336,376,48432,06025011802
4423,234,106250,06025011801
11456,814,54309,06025011900
7237,181,41336,06025012200
8169,180,59620,06051000200
6263,302,92423,06069000200
9187,101,91935,06069000600
4600,68,94632,06069000100
6348,274,64225,06069000400
4588,142,75141,06069000300
6213,260,49570,06067007402
8862,417,49225,06067007406
4299,21,75732,06067007802
2648,214,37679,06067008911
2629,110,49707,06067009105
2564,113,56782,06067009504
6100,458,80114,06067009616
4205,233,50242,06067007001
4661,141,54918,06067007602
3937,211,85262,06067009108
4178,125,84805,06067008207
4927,276,62018,06089010805
4643,133,74708,06089010807
2803,114,41184,06089010806
1785,54,97250,06089011001
5068,153,51036,06089011002
6545,345,45577,06089011209
4026,143,61053,06089011401
3426,136,81667,06089011402
2885,123,79946,06089011403
3479,108,34899,06089011702
2405,151,74375,06089011701
3326,139,50435,06089011703
2245,36,64934,06089011801
2615,97,88077,06089011802
2681,119,47375,06089011803
4946,152,160734,06067008510
4552,121,171852,06067008512
3620,196,132401,06067008513
4984,105,111875,06067008703
3781,354,130795,06067008704
8532,594,137862,06067008705
4156,108,86486,06067008801
5408,255,57849,06067009010
4610,211,107614,06067009011
5151,165,63385,06067009201
2996,74,150893,06067009324
802,8,135500,06067009325
5041,158,134250,06067009326
5851,283,119172,06067009328
2327,144,65833,06067009329
4040,88,123177,06067009330
7545,296,113800,06067009331
1339,42,108750,06067009332
10900,314,101911,06067009407
2017,72,104659,06067009408
7991,362,109732,06067009622
10015,412,97377,06067009630
5936,177,118795,06085504322
6005,277,110521,06085504323
11332,321,134844,06085505009
2480,62,161324,06085508003
6221,321,139056,06085508004
2926,139,115313,06085508507
5576,362,121439,06085508508
2698,71,59861,06037186403
2631,119,62083,06037186404
3438,85,76522,06037187101
3739,139,56683,06037187102
3473,102,81475,06037188201
2426,99,113267,06037188202
2521,104,81591,06037189101
3356,103,85708,06037189102
3216,55,41950,06037189201
2396,60,118018,06037189202
2089,20,64975,06037189903
2435,41,49960,06037189904
2432,28,72837,06037189905
2632,15,30053,06037190201
3225,81,32418,06037190202
2977,34,48188,06037190401
2372,56,40000,06037190402
2682,0,25858,06037190801
5991,40,99337,06053011602
2087,102,81488,06053011604
2125,0,104401,06053011801
1705,0,89000,06053011802
4894,64,79792,06053012502
1892,0,,06053014104
4207,119,39688,06037533804
6320,266,47823,06037533901
5125,183,45933,06037534001
2795,104,44318,06037534403
5027,183,45500,06037534406
4654,306,48900,06037534502
7949,484,39669,06037535101
2240,38,40739,06037535503
4476,282,51172,06037535604
4395,141,101006,06037271300
4811,271,89792,06037271600
2665,129,116181,06037463000
5082,294,83955,06037293302
4277,201,163438,06037460502
4487,98,45398,06037195710
2917,129,79500,06037139502
6643,143,85230,06037143300
4371,203,46941,06037211910
3932,150,32819,06037213201
1709,109,124079,06001451504
3418,141,164965,06001451505
3385,85,104565,06001451506
4080,170,155727,06001451703
4519,174,128963,06001451704
58,0,171563,06001981900
63,0,128750,06001982000
583,0,165909,06001983200
0,0,,06001990000
3908,117,62564,06005000101
1982,30,51500,06005000102
5623,107,68277,06005000303
4597,147,64419,06005000304
5393,441,94661,06007000103
5517,169,58764,06007000104
4186,196,76321,06007000401
7973,264,78524,06007000402
2656,42,98306,06007000901
2971,111,52813,06037204120
2575,70,47232,06037204410
3341,175,38523,06037204910
3548,89,26844,06037205120
2031,64,23380,06037206050
5778,142,88854,06037216200
4886,51,89547,06037216900
2752,67,46140,06037218800
3162,104,68145,06037480802
3369,96,35601,06037501504
7769,149,95587,06037501600
2728,47,46385,06037530203
3744,152,41686,06037530400
5530,185,50455,06037531201
4431,64,48344,06037531202
4960,78,48859,06037531800
4013,64,44113,06037532304
4405,226,36167,06037532606
4590,331,40306,06037532800
7094,358,79589,06001451404
7058,335,38682,06037532900
3664,65,58958,06037603102
6262,184,74231,06037551700
6624,228,61314,06037552100
5260,240,72982,06037552601
7156,441,62757,06037552900
6528,0,43561,06001423602
3975,107,140648,06001427100
5987,292,80652,06001430500
6486,366,114940,06001430600
4170,189,99145,06001430700
2007,84,188958,06001400200
4287,97,81960,06001401100
4732,98,48224,06001401400
2839,29,63548,06001401500
3018,94,117305,06001401700
2477,50,68606,06001402200
3973,62,51788,06075012000
4092,81,153615,06075012700
4292,149,204909,06075013200
4634,132,166103,06075013300
2606,77,153148,06075013500
2289,70,153750,06075015300
5376,109,179867,06075016700
6131,115,106404,06075020200
3046,85,156250,06075020500
4523,45,160789,06075021000
5398,228,75223,06075023001
5244,258,89732,06075035202
5379,168,93250,06075042700
4226,107,208000,06075060100
7096,176,84357,06075031400
4560,111,110849,06075040100
3972,76,81958,06075023200
5262,140,139203,06075030102
6898,175,131270,06075032700
5704,221,98485,06075035201
4001,18,23515,06037206200
3216,143,68083,06037121802
2829,44,53125,06037122121
2728,129,41811,06037122122
4696,190,66771,06037123901
2668,59,70592,06037123902
1950,112,43787,06037124103
2492,132,43816,06037124104
2538,107,45764,06037124105
2384,115,52561,06037124203
2192,12,43385,06037124204
2706,51,31852,06037124902
3499,63,61429,06037124903
4966,61,62934,06037125401
4889,164,80299,06037125402
3052,0,46767,06037125501
3488,46,68700,06037125502
3109,111,52096,06037127103
3821,158,39067,06037127104
3068,173,42292,06037127603
3157,142,44798,06037127604
4329,266,46071,06037127605
3588,184,64018,06037127711
3322,105,60904,06037127606
3560,90,42662,06037127712
4790,215,43071,06037127803
4352,142,53792,06037127804
3627,98,49457,06037127805
3293,117,42946,06037127806
3735,155,56023,06037128101
0,0,,06037980013
9,0,,06037980014
671,15,66000,06037980015
0,0,,06037980018
138,0,231250,06037980019
0,0,,06037980020
33,0,,06037980021
0,0,,06037980022
0,0,,06037980023
0,0,,06037980025
0,0,,06037980030
1175,20,,06037980031
16,0,,06037980033
3998,45,56212,06037139504
4674,420,73333,06037141101
3074,133,98125,06037141102
4583,193,84205,06037141201
2674,114,81250,06037141202
3477,58,82448,06037141303
5706,112,107483,06019005503
4983,100,73750,06019005510
2995,111,117938,06019005513
6532,347,51815,06019008100
2837,47,86979,06019004602
5355,379,40871,06019005302
4872,218,23234,06019005403
5503,57,94669,06019005507
1745,73,95046,06019005605
6345,296,45195,06019006700
8196,204,68553,06019007201
5144,208,62808,06019007202
5068,182,45587,06019007500
1820,14,90982,06019005515
6018,199,54552,06019005301
3476,168,72109,06019005407
5376,159,92411,06019005512
4991,195,41055,06019005602
3582,167,43254,06019005701
4577,316,20594,06019002502
3480,247,43450,06019002602
8781,527,115000,06013302008
7279,345,103854,06013302009
11767,663,132926,06013302010
9625,358,121113,06013303102
12652,562,93697,06013303103
10070,181,129255,06013303203
3397,223,45404,06037531502
4734,107,75276,06037103102
4851,215,44699,06037531101
909,56,43264,06037277400
3037,119,81281,06037291300
2687,165,57159,06037294120
3710,235,50732,06037294520
3473,207,39400,06037294820
4447,104,30020,06037296220
2193,188,102143,06037297300
9609,122,69107,06037300600
6540,281,149707,06037300901
7114,193,74303,06037301100
5510,103,45156,06037302202
5337,83,52763,06037302302
3896,133,97931,06037311300
0,0,,06037320000
3501,214,100556,06037400604
5224,132,84063,06037401203
6213,197,78000,06037401500
3075,0,,06079011400
3270,57,73409,06079011901
7033,212,70270,06079012200
6689,273,73061,06079012503
5178,192,55299,06079010202
2973,43,72538,06079011103
7956,328,74560,06079012600
8150,58,42813,06079011200
7298,237,73261,06079011300
4423,125,70306,06059032051
3636,67,89648,06059042114
7896,401,102458,06059042203
9752,268,62500,06059042312
2608,39,114500,06059011402
4,0,,06059021813
7192,173,96313,06059021814
5452,217,73456,06059052410
23390,650,135231,06059052420
5951,213,115260,06059052502
4594,189,72344,06059001103
5792,228,91610,06059001501
5049,151,93868,06059001503
2552,106,84583,06059001901
5453,192,89475,06059042334
5662,191,131378,06059052427
5147,62,84806,06059052521
4510,211,135978,06059052523
19462,966,97515,06059052525
15355,728,146472,06059062604
2545,62,135000,06059062629
3741,59,98813,06059062640
4373,127,59718,06065040402
5728,70,41444,06025011600
713,0,21923,06025012400
6910,295,74382,06025010600
7421,361,47188,06025010500
5626,251,25897,06025011202
5243,224,55181,06025011700
1703,38,41964,06073004700
4452,206,50875,06073002602
6145,122,73897,06073003107
3285,121,87561,06073003204
6658,92,58217,06073003208
6372,0,,06073003800
4099,112,70938,06073004400
6037,253,51182,06073001200
5406,125,51014,06073002501
6479,300,59099,06073002502
2454,108,154398,06013390100
3837,83,92283,06013306002
5329,314,61378,06013311000
6561,235,64332,06013314102
5629,371,57394,06013314103
7360,201,71122,06013331000
3907,252,154569,06013345102
3404,122,160882,06013346101
6292,130,246336,06013351200
5669,24,186652,06013352102
2758,45,125186,06013352202
11140,487,117460,06013355200
3045,128,77800,06013369002
5960,303,84591,06013371000
2928,135,67813,06013387000
6250,154,131250,06013322000
3914,200,72318,06013334001
6745,341,72614,06001436900
3493,96,92546,06001437000
3767,104,90179,06001438300
5035,199,95515,06001440304
5407,197,151550,06001441402
5233,81,129909,06001441522
7543,398,125521,06001441800
3909,116,150694,06001441921
3419,136,178466,06001442000
5462,169,192344,06001442100
7473,82,181845,06001442200
2467,77,74766,06067008909
5517,185,72586,06067009609
6130,286,107526,06067009323
5302,236,57328,06067008131
5006,115,83620,06067009109
9719,422,52598,06065051300
6755,0,60221,06065051400
6818,258,41129,06065940400
2150,3,98750,06065940500
3183,73,84028,06065940600
2798,59,61940,06065940700
2748,6,61010,06065940800
2097,6,54444,06065940900
3832,73,42642,06065941000
2072,3,41761,06065941100
2735,34,80438,06065941200
3366,47,60214,06065941300
3872,73,46621,06065941400
5080,327,61875,06065941500
0,0,,06065980004
6196,0,,06065981000
2583,123,33889,06067001101
4965,183,39825,06067003204
3463,87,30364,06067004501
4355,138,168750,06001443301
5436,279,160513,06001450742
5362,137,172542,06001451601
3112,146,127750,06001451701
1745,71,135398,06001400600
2619,95,99342,06001401200
2101,41,94688,06001403100
3351,109,101053,06001403800
2895,9,82717,06001404000
1809,106,204338,06001404501
4285,177,204412,06001405100
3531,46,61444,06001405700
4370,159,48846,06001405800
3608,113,89852,06001406900
5113,295,66184,06001436602
7761,124,94653,06001433300
4739,86,73269,06001435300
9444,377,90100,06001436300
3277,48,76161,06001437300
4531,180,66983,06001437500
4997,115,111382,06001437800
2551,84,124015,06085504423
7769,387,142540,06085505008
3888,85,118708,06085511301
3998,67,109263,06085511302
4789,67,250001,06085511704
3302,5,63000,06085511608
3407,148,117750,06085511609
1113,46,240313,06085511705
2820,60,169896,06085511707
3664,164,86181,06085511915
4797,225,160921,06085511916
5187,259,143514,06085512036
3416,120,156023,06085512037
5402,435,116250,06085512039
3254,162,84091,06085512038
3020,69,78382,06085512042
6583,293,54179,06085512043
5653,209,131900,06085512045
5808,155,160758,06085512047
5271,213,102805,06081604400
2781,89,163947,06081604700
5028,158,131020,06081604800
6142,146,128795,06081605400
5880,130,101688,06081605900
5378,578,100375,06081606100
3359,97,220694,06081609400
4930,243,224188,06081609500
4936,127,248667,06081609700
6453,242,178578,06081611100
5801,222,65613,06081611700
3774,60,140625,06081613000
8445,317,121676,06081600500
2513,35,98523,06081601604
7059,75,86462,06081601400
4902,230,128594,06081602800
3878,227,65161,06081610203
4349,125,40938,06037900703
4063,183,57593,06037910201
3942,152,38899,06037213202
3668,173,100824,06037214100
6219,203,67414,06037217100
5290,343,53621,06037218300
4737,210,64018,06037218400
4507,146,50220,06037219700
6966,191,143750,06037800324
4741,150,133942,06037800326
7001,185,65888,06037701801
6389,171,120671,06037702600
5688,140,91042,06037703200
3573,105,133688,06037800325
710,28,33750,06037900102
7225,403,55166,06037900501
10783,275,76971,06037901205
4433,143,41538,06037910602
2920,75,100956,06037920314
3145,125,77652,06037920036
4821,132,106974,06037920313
6217,242,87273,06037920334
2428,165,99875,06037103101
4569,177,60129,06037104201
5292,167,56021,06037104320
3528,148,64648,06037104620
4402,163,35357,06037104701
5631,212,74149,06037104810
5611,299,95625,06037106112
3697,114,96667,06037106113
5993,254,86086,06037267501
4343,45,65673,06037920031
2916,60,70692,06037267600
5464,398,55565,06037402301
5231,149,74592,06037402403
4112,134,103750,06037134302
5942,149,78864,06037134303
4234,74,140313,06037134421
6065,330,46011,06037134520
3313,115,101554,06037135111
5648,325,48292,06059074407
6772,354,55500,06059074802
9934,357,59800,06059075100
5592,239,68148,06059075202
5751,295,73203,06059075301
3065,27,121985,06059032032
2461,14,114792,06059032035
6361,263,137266,06059032038
5143,155,139664,06059032050
6004,37,139868,06059042111
3156,39,121875,06059042317
6011,154,84423,06059042320
6770,355,69091,06037553100
3981,96,51629,06037553701
6773,394,76116,06037553901
3885,122,120993,06037554516
4210,136,62117,06037555104
2679,87,93819,06037570002
4201,144,48947,06037570204
4723,97,73319,06037572002
5592,221,59091,06037572201
6384,147,66508,06037573402
5014,152,107917,06037574100
5474,209,122262,06037574400
4769,131,106442,06037143602
4260,254,54470,06037139303
5060,104,77000,06037139600
5320,213,152833,06037139701
3323,136,54548,06037183101
3131,95,64671,06037185310
3489,163,41450,06037186401
3228,5,100256,06037189701
2685,41,43877,06037190700
3518,39,46406,06037190902
3478,38,37700,06037191110
5931,62,49726,06037191500
3700,28,73750,06037192410
4280,205,56194,06037192420
2676,41,150909,06013391000
2653,57,141543,06013392000
4752,254,56675,06013374000
7003,361,46382,06013379000
6521,219,51783,06013381000
8159,376,44464,06013382000
4877,230,79746,06013383000
3913,135,121076,06013384000
7178,337,52992,06013313101
3483,167,91857,06013335000
6182,198,145714,06001451503
5303,303,44671,06001409300
4991,239,47746,06001409700
6903,423,119896,06001451300
2866,40,39913,06001402400
3443,128,210882,06001404300
2647,107,97396,06001404800
4817,267,46233,06001406202
7342,226,107151,06075035400
4832,63,80781,06075015900
2562,23,76989,06075016000
2779,121,135300,06075010500
2843,111,39292,06075011300
4277,120,101475,06075015200
1915,84,129531,06075017700
2298,59,193804,06075022702
5769,309,144318,06075022801
2890,186,24474,06075023103
4618,167,105875,06075025900
5126,60,95595,06075026003
4587,190,38140,06037190901
2383,31,26919,06037191203
4237,125,48767,06037191610
3367,110,49491,06037191810
2722,93,140708,06081604600
5469,164,110536,06081605500
2572,22,184625,06081605800
4870,191,109355,06081607400
2988,88,109179,06081607900
6030,203,128646,06081608400
5110,210,146985,06081608501
4651,226,130375,06081605300
6099,215,250001,06081605600
5134,154,167165,06081606400
3535,130,183173,06081606800
6328,314,218583,06081608800
6948,136,143295,06081608900
1534,67,145000,06081609100
2544,120,82768,06081610100
6049,303,71250,06081610400
2836,109,250001,06081611500
4470,223,153700,06081612500
5341,175,133413,06081613501
5568,210,60658,06081610201
4013,55,136103,06081610202
8045,198,189634,06081610303
5175,163,45841,06107002904
5896,237,74712,06099001300
6441,218,47516,06099001400
3809,256,28707,06099001604
10201,406,59355,06099000203
2065,127,42250,06099000301
8225,274,124906,06059062612
5053,81,160556,06059062620
7231,202,250001,06059062643
2764,71,168125,06059062701
1406,5,132000,06059063005
6173,194,99607,06059063603
2615,134,122750,06059063805
4910,146,70417,06059063807
6745,189,79698,06059063902
4230,148,89688,06059074003
3910,80,92750,06059074110
9166,279,78140,06059074803
6221,331,58913,06059074902
3355,189,79152,06059075505
3866,349,76206,06059075512
4508,80,166500,06059075703
4147,132,90670,06059075805
2982,71,50167,06037190802
2224,102,36875,06037191301
1947,45,45982,06037191302
3060,15,57000,06037191901
2788,22,94432,06037191902
2370,70,74063,06037192001
2597,56,111111,06037192002
3277,58,86417,06037194101
3189,120,122829,06037194102
2391,41,86800,06037194401
3579,89,100368,06037194402
3128,93,85114,06037195201
3304,119,117630,06037195202
2634,125,83167,06037195803
2533,65,71467,06037195804
2237,70,64138,06037195901
1864,11,68875,06037195902
2008,26,52446,06037195903
4131,117,99205,06037206031
2323,69,55795,06037201601
2960,82,55909,06037201602
5687,150,30625,06037206032
3717,197,39063,06037207101
2926,18,30165,06037207102
2393,49,29243,06037207103
4911,39,51667,06037207301
7893,233,114554,06059052417
5728,255,104265,06059052513
10440,163,91691,06059062610
3167,38,26750,06059062626
3182,51,164554,06059062631
6527,308,148583,06059062645
4553,186,54327,06059062647
4245,66,152923,06059062702
6718,138,92214,06059063004
6275,100,100313,06059063010
4906,120,150238,06059063400
2857,81,118000,06059063802
3836,136,109306,06059063806
6334,275,78080,06059063906
7903,403,86250,06059074005
6671,341,74034,06059074107
3358,97,72969,06059074109
6240,315,44772,06059074403
7241,288,57026,06059074501
5767,211,74219,06059074801
7811,304,121132,06065042013
5377,275,99762,06065042217
7107,81,44885,06073021900
4681,296,46291,06073022000
10005,237,104705,06073022100
0,0,,06073990100
2699,0,103835,06075011901
2712,78,84073,06075011902
4620,267,67569,06075012201
3181,36,31538,06075012202
2117,91,30366,06075012301
2713,25,56295,06075012302
4667,85,32571,06075012401
4662,62,60356,06075012402
4293,164,24956,06075012501
3674,48,16129,06075012502
2516,146,149485,06075012601
3276,151,118750,06001440331
5937,297,143897,06001441302
7506,422,76369,06067009310
2480,131,52969,06067009318
7007,340,72059,06067009610
3525,156,76106,06067009611
7010,208,84826,06067009614
3868,100,68125,06067009004
3210,77,63398,06067009103
4178,48,64698,06067009106
3419,151,74268,06067009107
2010,81,85179,06067009403
2362,13,43529,06067001400
2448,58,83038,06067002600
3404,58,45213,06067002700
5348,118,46800,06037433102
5063,268,36250,06037433304
4582,47,44390,06037433305
2464,116,45000,06037433101
3136,87,57803,06037433306
3193,159,60673,06037433307
3269,105,60080,06037433503
4802,307,36811,06037433504
4717,110,53125,06037434003
4325,329,73700,06077003205
6374,74,42056,06077003404
5944,221,87554,06077004800
7838,372,74507,06077004901
1916,123,56488,06077005125
7395,343,75417,06077005302
3688,154,16289,06077000100
3034,90,55197,06077000401
5227,110,51507,06077001300
3957,217,31545,06077001700
5727,311,40544,06077002100
12573,606,67094,06077003801
6955,252,74861,06077003802
6299,229,53250,06077003803
1518,91,52540,06077003900
11749,387,101319,06077004002
5747,464,39447,06071002804
5287,246,64213,06071003101
5919,233,40851,06071003102
6450,447,44400,06071003302
8307,377,105382,06001438100
3852,119,122500,06053011700
4679,161,50694,06053013600
4325,125,39924,06053013700
4781,158,118468,06059042326
4059,130,97000,06059042329
6489,323,105043,06059042330
6869,318,99464,06059042335
4201,135,142386,06059042336
3352,85,138214,06059042337
5905,249,95793,06059052423
4565,238,89297,06059052519
1963,62,36889,06065030502
4115,43,75129,06065031703
5723,214,85919,06065040403
6650,272,54968,06065040502
5363,115,92569,06065040604
3059,54,67688,06065030900
3592,271,32394,06065030503
7793,334,54757,06065031402
5838,241,73352,06065031704
4321,218,72688,06065040303
3346,80,79130,06065040603
2889,129,68594,06065040903
2814,100,82500,06065041003
4557,98,55616,06065030501
3229,65,106483,06065030602
3232,82,136333,06065030603
7993,197,69272,06065031501
3342,120,67708,06065040202
4422,213,42214,06065040203
4160,191,38984,06065040204
4046,151,41531,06065043313
6883,509,33904,06065043401
8208,258,48688,06065043504
5996,143,65160,06065043802
6698,395,62602,06065043900
5781,54,52240,06065044505
6340,153,73980,06065040201
5872,212,75080,06065031001
7184,198,77982,06065031200
3124,78,139125,06085512025
5678,102,234861,06085511912
4320,118,184821,06085511913
4711,112,42500,06037220000
4762,234,35718,06029003400
12184,646,104710,06029003809
8070,222,111354,06029003813
3867,120,136688,06059062619
12331,624,111425,06059062621
3868,14,44119,06059062622
5121,108,122000,06059062634
5188,162,97426,06059062637
6737,369,108687,06059062638
7277,485,121474,06059062639
1739,21,108553,06059062630
3665,97,102262,06059052520
8917,276,120127,06059052527
4059,193,116641,06059052528
2834,9,154344,06059062642
2519,112,117969,06059063006
3768,44,112500,06059063202
4070,119,66940,06059063604
4492,219,77639,06059063904
5778,215,62824,06059074006
4120,100,121000,06059075603
3630,132,90455,06059075816
6071,363,88897,06059086402
5627,246,47159,06059087405
6011,290,62029,06059087503
7494,356,66373,06059087805
5408,204,48218,06059087902
2285,74,74085,06059088101
4793,93,84356,06059088105
5664,59,94934,06059089107
4582,18,66447,06059099204
3825,96,84583,06059099214
4773,280,79155,06059086306
6379,153,61942,06059086407
4254,145,51780,06059086501
3467,87,124342,06071008302
6392,100,120842,06071000105
3062,91,105250,06071000107
5240,124,61661,06071000201
9594,293,69428,06071002601
3254,128,29500,06071003000
8118,284,69559,06071008704
3176,182,70556,06089011100
6073,207,41800,06089012200
3551,142,118411,06059042325
6342,219,141716,06059052408
3662,126,68024,06059001202
4844,325,77824,06059001504
4134,82,95326,06059011102
6285,147,121620,06059063007
6662,409,45778,06059074405
3693,161,58047,06059074406
3563,94,77054,06111006500
3431,117,129063,06111006700
4048,76,62076,06111006900
4446,90,150844,06111007202
3170,92,79069,06111007505
3871,116,99837,06111008001
5292,172,96094,06111008004
9534,337,62298,06111001502
4063,142,72039,06111001507
4193,160,84844,06111001900
2587,14,38621,06111002400
5777,413,73061,06111004504
2582,94,52688,06111005403
1796,27,154286,06111005910
4947,216,109833,06111006000
3609,90,95025,06111007508
10800,305,81204,06065045304
2639,113,25944,06065045303
2648,99,75060,06065045606
2686,14,151806,06065045608
4318,74,29940,06065045609
6493,146,30063,06065045707
9412,78,22675,06065046500
3385,18,84750,06065046601
3963,81,124680,06065046602
4721,304,43556,06065046700
6788,251,68505,06065046800
1631,53,40887,06065046900
1675,159,41307,06065047000
1848,52,26578,06065047201
1656,23,39063,06065047202
12628,330,132795,06065047900
7365,161,128457,06065048100
4522,101,103571,06065048200
6632,302,88598,06065048300
4872,124,83125,06065048700
4917,186,67747,06065048800
2545,146,77115,06001406400
5869,133,63465,06001407000
6985,189,47458,06001407200
4531,294,57471,06001407400
5047,112,81949,06001408300
2667,29,67159,06001410100
3436,121,161250,06001420600
2084,39,179625,06001421100
1634,37,140583,06001421400
3073,64,81236,06001422100
4148,33,102546,06001423700
2986,67,182432,06001423800
4796,137,192037,06001426200
2877,58,68750,06001428000
3826,87,135476,06001430300
5574,280,97833,06001431200
3574,111,129148,06001432100
4744,60,96696,06001432300
7043,171,59591,06001432600
4124,160,115263,06001400500
2289,32,57604,06001401600
1781,110,30000,06001402500
4051,35,98455,06001403900
6327,265,79428,06001407600
3201,110,44728,06001408400
3546,182,44451,06001408900
4800,89,69620,06099000503
8852,367,86571,06099000504
4092,171,51473,06099000506
4405,229,80934,06099000601
6582,267,52554,06099000805
3935,154,74063,06099002701
7217,374,51067,06099001500
6694,526,47614,06099002004
3112,263,26429,06099002100
10029,418,73860,06099003001
12021,424,63056,06099003500
3382,150,49393,06099003603
4319,159,32727,06037208720
4682,194,43720,06037211802
8068,415,47021,06099003605
7417,319,45833,06099003804
3098,140,70329,06099003805
3880,99,83802,06099004000
4846,181,50489,06101050701
4665,263,65868,06101050401
8487,162,156250,06059062644
1093,0,91250,06059063008
2636,86,131477,06059063103
5930,278,54801,06059063701
4019,227,105000,06059063903
4254,47,86042,06059063905
7765,375,76536,06059074004
5413,190,74766,06059074502
4734,67,62167,06059011712
6437,249,90125,06059011715
3458,131,117969,06059011718
5145,215,120027,06059021905
4104,98,131724,06059032012
2783,115,154798,06075012901
3865,36,132563,06075012902
4061,129,181161,06075013101
3012,41,171333,06075013102
3837,128,88636,06075015801
3412,167,135536,06075015802
4145,117,143333,06075016801
3622,77,93542,06075016802
4113,188,196447,06075017101
4095,130,177396,06075017102
3891,45,25472,06075017801
3726,257,45407,06077002702
3214,92,72262,06077003112
4248,360,70660,06077003215
4153,119,22584,06077000402
4763,191,51630,06077001102
4334,217,39423,06077002300
13561,418,99975,06077003208
4800,237,60592,06077003403
1660,22,103750,06077004202
1873,42,39240,06077003308
3281,49,53995,06077003601
4735,138,73448,06077004303
5927,308,75363,06077005001
3474,148,52436,06077005124
3046,31,83214,06037269800
5644,62,85318,06037271802
3229,78,88720,06037273200
3751,115,62241,06037275200
4832,270,63150,06037293304
5552,63,101439,06037264301
4904,194,40033,06037540901
6546,221,82125,06037541200
4805,170,50802,06037541605
2348,145,40509,06037541606
3400,142,70417,06037570402
5957,233,100625,06037572001
2844,73,158109,06075012602
4883,156,64375,06037407101
4305,199,99107,06037400402
6635,149,57650,06037402402
5639,202,49130,06037405102
6522,235,73218,06037430002
5165,331,54871,06071003404
5833,442,46996,06071003405
5777,171,73967,06071003503
7473,417,53843,06071003505
5535,340,72833,06071003506
4367,174,76886,06071003507
4343,143,41438,06071003509
5368,284,45954,06071003510
3938,137,71326,06071003603
4468,99,87600,06071003605
4309,163,50239,06071003606
5532,124,55089,06071003607
5363,134,51988,06071003609
4874,423,53565,06071003611
2716,74,112679,06083002013
4548,119,85917,06067003300
3929,91,58932,06067003400
4367,82,77270,06067004005
4295,154,39068,06067004402
4654,250,51196,06067005102
2729,94,47552,06067005402
2518,0,66042,06067005403
4864,157,148828,06067005702
3606,49,131985,06067005803
2617,43,62188,06067002000
1613,39,120938,06067002500
2767,68,48277,06067003600
5986,154,82854,06067004004
3666,158,91029,06067004008
4991,161,85742,06067004009
3787,83,38981,06067005101
5440,167,92091,06067005404
6501,195,54289,06067007601
5521,210,40541,06067006400
7385,379,43942,06067006600
3285,166,80000,06067007417
3290,177,69250,06067008007
4511,143,75174,06067008009
4946,268,59302,06067008120
5091,310,71250,06067008127
3990,144,62725,06067008132
7348,214,88750,06067008145
7549,357,47328,06099000910
3889,141,69681,06099001200
5722,231,200673,06085511914
6698,273,127739,06085512029
3350,178,150833,06085512030
6033,212,95821,06037910207
6210,269,72619,06037910208
5134,309,104900,06037910209
4254,172,51082,06037910504
3217,134,68864,06037910505
7239,236,111333,06037910210
4715,215,44665,06037910605
3121,154,53922,06037910606
7655,544,62910,06037910711
2904,135,70884,06037910712
4832,80,100437,06067008008
4721,155,89891,06067008010
7953,263,50247,06067007004
5756,274,57297,06067007007
5724,272,112444,06067008402
3591,34,69077,06067008122
3059,170,68167,06067008140
4658,94,88429,06067008209
5416,109,69323,06067009111
6202,186,74833,06067009308
3661,112,123807,06037555202
5652,289,47375,06037555211
5110,178,53017,06037555212
5300,152,106031,06037570800
3436,125,62330,06037407002
9923,398,105766,06077003114
5541,289,63565,06077004902
6120,229,66025,06077003109
3152,82,65244,06005000500
4748,135,58788,06005000200
4639,177,78352,06005000402
5105,24,79375,06005000301
4675,65,56864,06005000401
2173,93,61842,06083002707
3433,124,155000,06083000103
5555,81,123750,06083000600
3550,168,75781,06083000801
6081,103,56287,06083001000
2526,50,178625,06083001500
5768,192,94828,06083001601
7519,251,92069,06083001901
5123,159,58000,06089012601
2774,95,50264,06089012702
5812,160,45220,06089010500
3707,231,41887,06089011600
4384,59,75518,06089011900
2580,57,42389,06089012301
5299,132,63661,06089012302
4043,29,47273,06089010900
4042,107,75234,06089012303
10265,223,160595,06001450602
3884,167,28281,06025012001
10765,544,63539,06025012002
3575,39,56250,06089012400
4905,205,55106,06089011300
1670,1,49265,06089012500
4678,232,37738,06089012000
4881,248,47408,06089012701
3559,81,65500,06089010702
2325,32,37455,06089010200
5672,207,66838,06089011500
2189,26,85625,06095250501
5289,234,80083,06095250601
2770,120,26181,06095251802
5937,224,93011,06095252705
3153,90,91503,06095252108
3675,164,94318,06095253106
6141,171,53685,06095253107
3352,150,164583,06059032045
6004,98,218281,06059032046
5742,73,131295,06059032048
8131,266,124361,06059032053
4997,104,76146,06059042108
3492,42,177344,06059042305
5318,157,129676,06059042332
5264,88,116429,06059052411
7457,287,111875,06067009632
3579,146,52188,06067009633
5062,255,41139,06067009634
6558,312,116071,06067009635
7741,346,105015,06067009636
6704,261,108750,06067009637
12225,348,96882,06067009638
3892,213,62904,06067009639
3571,104,54900,06067009900
4860,0,48250,06067988300
3549,117,94509,06083001306
3014,29,153958,06083001402
4659,123,70273,06083001604
4072,48,106991,06083001706
3192,134,72540,06083001704
3400,336,70026,06083002606
834,88,71667,06083002915
7573,389,51102,06083002502
11983,120,105500,06083002922
6280,12,21506,06083002924
6272,34,20559,06083002926
8421,206,91923,06083002930
2273,61,109097,06083002932
3536,91,119844,06083003007
3296,42,85263,06083003102
4490,7,29905,06083002928
0,0,,06083980000
10,0,,06083980100
0,0,,06083990000
3046,212,74760,06085501402
3535,144,162235,06085502301
4695,92,78301,06085501101
3461,254,74034,06053014105
8240,894,76654,06053014107
5414,175,69107,06053014201
4411,277,51170,06053014202
4474,64,66667,06053014500
4980,142,74121,06053014601
7873,558,85855,06053014700
6527,379,71844,06053014800
0,0,,06053980000
0,0,,06053990000
6037,212,80300,06055200301
2755,130,110568,06055200302
2583,186,78315,06055200505
6064,265,82886,06055200504
5633,238,106912,06055200601
4124,79,74707,06055200602
5312,119,64141,06055200704
3017,191,78946,06055200705
3213,95,113036,06055200706
3240,62,90951,06055200707
2133,69,108750,06055200803
5573,219,75125,06055200804
3584,173,34196,06037212204
3837,162,41797,06037212303
3413,162,40590,06037212306
3015,184,48333,06037213310
4277,259,120625,06037214000
4862,125,44400,06037530102
3386,147,61359,06037104610
5618,150,85521,06037106510
2372,99,110357,06037106641
5248,113,91544,06037113213
5823,283,110692,06037910202
4284,140,58952,06037910404
6726,449,41563,06037910601
3445,139,117813,06037910808
7174,318,131298,06037920013
3563,141,138125,06037920016
1970,68,101964,06037463300
4586,102,102500,06037430802
4400,44,61146,06037431900
7345,105,46474,06037113233
4191,204,93656,06037113303
3957,159,45549,06037115302
5229,227,102917,06037117302
3761,110,54702,06037121900
3532,107,32025,06037900606
8751,559,56144,06037900803
5519,209,74743,06037901101
5139,54,210208,06037460700
5748,269,61417,06037462100
3944,131,91116,06037462400
4498,151,33179,06037203100
2907,116,41444,06037203500
4072,48,37917,06037203720
3657,233,32946,06037204200
5445,302,41912,06037204300
4885,215,30092,06037209300
3073,291,31289,06037209820
5494,128,90902,06037403323
5136,175,106477,06037403401
4614,89,84519,06037404000
6687,168,71591,06037403802
26,0,,06037980026
0,0,,06037980028
6089,360,60250,06059075201
5137,378,72500,06059075302
9563,288,68814,06059076103
4692,178,77396,06059076206
5023,122,90119,06059001402
3934,94,60563,06059001404
4924,113,129688,06059001602
5510,255,63179,06059001801
3213,133,88750,06059001902
2219,67,78500,06059011401
4238,119,131515,06059021823
2782,106,153816,06059021824
4306,280,120189,06059021914
3247,88,92115,06059032028
3623,149,103125,06059032033
3736,120,217875,06059032043
8067,286,104167,06059042103
4294,36,113462,06059042113
3076,78,30722,06037209510
1832,63,30265,06037212304
1769,61,84750,06037530602
3301,174,27404,06037532605
5411,82,52059,06037535502
4981,299,31875,06037540600
6478,89,77339,06037543802
5203,159,71512,06037551900
3756,23,59125,06037554001
4760,161,45948,06037602003
5415,258,53859,06037553902
1463,16,71042,06013304002
12171,342,117114,06013303201
4751,113,69004,06013303204
5272,78,147292,06013304001
7439,183,124034,06013303202
4114,143,121688,06013304004
8931,145,96381,06013303205
3793,99,136912,06013304003
8766,346,129932,06013304005
5193,79,68194,06013306003
3616,134,64167,06013306004
6151,299,77386,06037320202
2873,90,63041,06037311801
4068,168,72992,06037311802
8236,351,38542,06059075002
6294,251,67034,06037401602
4283,159,63534,06037101110
6349,215,84286,06037103200
3431,110,97543,06037104103
3156,98,112404,06037106603
3552,100,100938,06037108102
4945,230,93778,06037109601
4616,168,101709,06037109700
3628,64,90341,06037111201
4315,59,113079,06037113232
6306,291,75109,06037113422
5684,61,65125,06037115202
6373,153,71646,06037115401
9292,250,59471,06039000503
6471,255,76583,06039000506
11600,468,67093,06039000700
6793,569,32587,06039000800
11006,766,36495,06039000900
12934,765,51829,06039000502
7591,175,71078,06039000508
5197,135,50366,06039000103
3023,109,44896,06045011200
6639,264,49135,06045011500
4556,167,78438,06045011400
5488,86,34487,06045011600
2051,56,58900,06045011800
4097,97,70536,06045011700
7327,373,68073,06065040501
3467,160,47254,06065042514
2214,88,60022,06065042404
3542,231,35893,06065042505
5473,292,56713,06065042510
3497,171,60655,06065042518
1873,74,43724,06065042519
5371,223,54185,06065042720
5402,272,45156,06065043006
3482,65,62586,06065043314
2887,62,83359,06065043315
7040,532,65565,06065043807
3409,137,40254,06065044101
6541,303,40000,06065044200
2081,25,37528,06065044806
1642,24,60417,06065044807
5461,274,34871,06065044907
6741,454,45341,06065030400
5946,313,39636,06065045209
3788,146,35357,06065045502
2723,108,23250,06065045704
9353,319,31582,06065045705
3710,122,77550,06065046405
5039,123,167196,06085512305
5437,163,155893,06085504421
7088,531,116046,06085504506
588,46,103438,06085504700
7286,275,108048,06085504805
4557,74,81538,06085505600
4381,134,126127,06085506101
6589,297,105417,06085506203
5674,157,152045,06085506802
7939,205,193667,06085506900
7095,133,190313,06085507001
2892,60,234821,06085507302
6161,54,188846,06085507702
5465,234,143043,06085507805
5971,179,155972,06085507806
5890,205,142361,06059032020
6792,463,75781,06059032022
6583,234,96500,06059032027
6519,187,71579,06059001301
3982,172,68601,06059001304
4495,202,74688,06059001401
4286,84,88684,06059001506
3619,43,93036,06059001708
3713,313,84375,06059001903
5153,263,82390,06059011300
1839,12,104625,06059011503
5223,111,149583,06059011716
2680,47,93304,06059011717
6573,356,46148,06059011720
5364,183,64531,06059011721
6981,255,85121,06059021802
4966,139,113393,06059021816
3064,167,139706,06059021827
7435,299,87477,06059021913
3997,172,126778,06059021915
3971,117,114706,06059032030
3674,87,131902,06059032036
6762,298,133897,06059032039
2620,64,130833,06059032040
7414,141,84269,06065040302
2417,34,115948,06065040701
3202,126,105523,06065040806
4683,85,62518,06065041202
2949,145,37548,06065041410
6511,347,45776,06065041600
6378,311,39294,06065041703
3551,81,74485,06065041002
4106,85,77500,06065041403
16512,698,117292,06065041409
3815,179,46417,06065041704
6205,383,81927,06065041805
3722,60,107321,06065042004
4944,194,71250,06065042402
5275,353,95500,06065042716
3687,290,46838,06037117510
4924,92,121250,06037134422
3161,128,250001,06037141700
6686,279,56487,06037131010
3088,75,144886,06037920110
2276,0,,06037574601
3370,9,125125,06037577501
3503,117,68158,06037407302
3050,94,64306,06037408501
3963,86,93114,06037430721
3727,153,59417,06037432901
4416,160,170648,06037460600
7446,204,70580,06037700200
1921,88,72679,06037601301
1549,41,53889,06037603004
5696,153,112959,06037920109
4898,73,136094,06037403403
6600,324,53545,06037535802
4155,119,41904,06065040503
2614,97,94922,06065040702
8774,525,54578,06065040808
4262,183,74704,06065040809
4581,204,55993,06065041408
3263,98,60735,06065041500
5591,337,40542,06037402501
4190,80,107386,06037431600
8850,533,50029,06099002301
5703,334,52643,06099002602
3837,216,48892,06099002605
4161,255,59453,06099003100
3135,147,48750,06099003803
2578,157,54052,06099000302
6138,189,71097,06099000303
8309,244,80000,06099000501
2490,136,61315,06001409100
4780,294,41567,06001409400
3857,156,50139,06001410300
4977,208,87521,06001420300
2982,120,58667,06001423200
3504,246,97625,06001423300
10078,184,34784,06073002904
6105,139,68553,06073003103
5420,44,88707,06073003113
3456,73,79953,06073001400
3306,162,160545,06073002001
5477,325,33731,06073002202
5189,168,33224,06073002402
5609,250,32698,06073002601
5750,231,82983,06073002804
4278,73,51830,06073002905
4041,150,54511,06073003101
6402,342,42073,06073003111
3462,73,99934,06073003114
4154,110,100192,06073003212
4821,292,31709,06073003303
4388,280,44900,06073003902
5847,35,67596,06073005300
7888,81,97781,06073005400
6738,370,74360,06067007427
3515,175,69904,06067007428
5232,202,47654,06067007429
8936,439,85302,06067007430
5067,253,37448,06067007301
3424,229,75982,06067007431
5118,148,79150,06067007432
8155,299,67829,06067007433
2248,94,149545,06067008505
2743,90,60739,06067008506
4007,225,104792,06067008507
7614,125,120747,06067008508
6445,104,82940,06083001903
5938,156,96613,06083001906
1514,12,40395,06067009800
8176,203,44308,06067005001
3149,119,63661,06067007013
3030,24,60417,06067008129
4775,198,88875,06067008204
3814,130,44759,06067002800
5931,134,47127,06067004801
3852,94,39758,06067007424
4806,103,87377,06067008124
9602,668,128102,06017030704
5953,116,58558,06017031502
3011,63,72188,06017030401
4368,243,48182,06017030402
7635,312,59230,06073016502
6350,123,60057,06073002702
4472,97,74406,06073001000
6256,163,64688,06073001300
3827,71,80337,06073001500
7083,263,55012,06073002703
4031,42,67974,06073002903
3797,225,82143,06073003108
6278,133,89702,06073003207
5314,313,71496,06073003214
4094,159,49477,06073003403
3907,221,50236,06073003603
4513,127,35056,06073004000
5505,297,36400,06073004900
285,0,,06073005500
3760,0,,06073006300
5883,81,73224,06073006802
5854,127,111936,06073006900
5413,22,88281,06073007301
7540,206,80121,06073007400
4244,72,69563,06073007501
9659,250,75318,06073020306
3705,138,97101,06073020403
3505,49,122400,06073020405
6022,259,56593,06073020602
4840,177,116250,06073020705
3640,153,88158,06073020708
3322,142,67222,06073020805
7493,152,90403,06073020809
6930,198,95201,06069000502
6207,184,101031,06069000501
4851,319,69282,06069000701
5416,381,89281,06069000702
2937,14,121875,06069000801
4710,58,107208,06037403317
6367,193,92935,06037403318
7193,273,106642,06037403324
1698,11,134688,06037403405
4542,75,85977,06037403703
2789,48,56115,06037404501
4933,238,56705,06037405201
4850,204,64423,06037405202
3105,156,68514,06037406101
6910,277,61519,06037407200
2015,63,62583,06037408202
1835,29,120341,06037408706
4319,127,128854,06037430301
5339,27,80586,06037430302
7601,223,78083,06037432000
4103,171,91607,06037432101
5951,282,92782,06037432102
4491,136,69662,06037432201
3405,166,49115,06037433401
4882,264,45967,06037433403
3684,90,60724,06037433700
5944,331,49720,06037433801
6032,290,41779,06037433901
3119,77,60435,06037461400
5787,212,93433,06037463400
2553,165,100875,06037480202
5538,260,66389,06037480400
5097,108,46190,06037127910
7094,231,117639,06081601000
5545,151,108913,06073021204
7616,166,95568,06073021302
2699,46,124464,06073021304
5270,149,91036,06073019403
5638,225,67535,06073019503
5070,203,94452,06073019702
4489,235,33438,06037232800
4908,154,55887,06037234600
4405,59,51612,06037237900
386,9,84688,06037920026
5197,191,136250,06055201003
5980,245,76844,06055201004
2500,62,104183,06055201005
3314,130,104042,06055201006
4058,209,108194,06055201007
2054,40,124000,06055201101
1904,41,119926,06055201102
3024,32,135238,06055201401
2917,51,169265,06055201402
5087,188,59133,06071009906
4509,317,54338,06071009908
5851,188,55385,06071009910
7388,405,63750,06071009911
4745,182,25555,06071009912
5926,323,38370,06071009913
8440,283,45262,06071010025
11255,452,54880,06071010026
2931,56,53909,06071010417
4903,0,44009,06071010419
3961,238,24603,06071010420
6003,346,32917,06071010421
1859,142,46667,06071010422
6359,406,80750,06037910401
2964,37,97326,06037910804
2024,46,113750,06037920018
4000,221,67083,06037601202
3945,163,63692,06037601802
4847,303,50933,06037601900
4819,314,131824,06037602302
6869,271,72939,06037602402
3530,73,95417,06037701502
3781,109,79500,06037543601
4301,89,70658,06037543603
3370,125,105208,06037543703
4088,169,234519,06037701201
3437,74,67619,06037701702
4356,150,83229,06037554201
5321,160,76149,06037555001
6124,281,58681,06037570202
4165,273,43937,06037570203
5752,168,115536,06037570901
3583,164,93409,06037570902
5628,252,105758,06037571000
6247,250,51827,06037571701
4824,138,147284,06059032003
4297,224,114219,06059032029
9613,387,141397,06059032049
5452,351,82409,06059032054
10803,462,146136,06059032056
5594,316,62033,06059001201
6878,245,36951,06101050101
6281,237,73684,06101050601
3393,141,43421,06101050201
5824,217,42414,06101050302
6596,292,53992,06101050501
2598,189,54799,06101051000
2488,51,70500,06101051100
5061,301,35722,06101050102
7019,192,69802,06101050503
1499,73,54688,06101050900
4622,163,66563,06101050603
4354,132,74583,06101050604
3608,164,34811,06101050202
3342,111,71875,06101050800
7242,187,75000,06101050504
3326,176,125750,06081604000
3642,126,177927,06081607300
3818,158,148676,06081608001
3833,103,167639,06081608200
4614,208,131161,06081608600
2470,38,118080,06081609000
3206,94,196739,06081609900
3751,168,107885,06081610302
4332,92,250001,06081611400
7091,174,71234,06081612000
6519,230,158333,06081613502
3944,110,147545,06081613800
5143,92,133906,06081602500
3965,100,114904,06081600900
6310,153,125500,06081601605
6464,223,121842,06081602700
3775,175,117575,06081602900
6395,171,121513,06081603300
9434,228,38258,06071000301
8979,304,71328,06071002502
6943,317,50779,06071004201
4435,255,54423,06071006201
2939,210,45221,06071007407
6758,370,78427,06037431100
6076,270,48806,06033001000
2857,36,39719,06043000200
1702,32,47829,06043000400
3509,186,34423,06049000100
1650,32,43958,06049000200
1307,22,42019,06049000400
2441,2,57586,06049000300
2720,158,59712,06115040901
7298,369,87005,06115041000
4122,48,51490,06115041100
5702,159,48096,06115040600
4652,88,77303,06115040800
4770,204,42056,06115040100
5434,266,31536,06115040400
4052,289,39107,06115040500
1653,75,49750,06115040902
7981,381,49670,06115040200
13334,824,95781,06115040700
5996,173,189010,06013338302
5554,94,127222,06013349000
3317,43,95263,06013357000
4516,139,64253,06013307101
4299,304,35721,06013307202
4386,129,79609,06013307204
2040,57,59808,06013317000
6654,205,122554,06013321101
6913,286,140240,06013321102
4739,122,123869,06013321103
2799,112,84271,06001440100
5624,122,69013,06059086902
7887,282,69615,06059087002
4946,432,104075,06059087401
3891,122,54583,06059087404
7286,286,42180,06059087504
5901,39,81429,06059087701
4030,110,50875,06059087901
6566,229,63942,06059088301
7018,130,60917,06059088901
8826,306,66357,06059088903
4657,83,48291,06059088905
5557,72,98182,06059099232
3198,131,127375,06059099237
3824,37,121771,06059099239
3330,153,63250,06059099247
5943,95,156667,06059021830
2497,62,79850,06017030809
3915,145,79750,06017030810
3326,59,37788,06017031600
3078,143,163967,06017031700
6423,292,62769,06037461502
5051,142,52000,06037461901
1801,10,31164,06037461902
4460,235,61964,06037462001
4043,218,30982,06037462002
3941,122,40038,06037462201
2775,83,64388,06037462202
5265,213,57898,06037462301
3213,33,68102,06037462302
5988,229,81782,06037463601
6057,106,83065,06037463602
4103,164,51667,06037480303
2831,53,55948,06037481605
5013,66,54762,06037481606
3829,164,82169,06037500403
4551,67,71654,06037500404
3046,102,76067,06037501001
4427,228,39885,06037501803
2175,99,50134,06037501804
4506,77,50280,06037480304
5013,235,100217,06037501002
2634,86,68698,06037502003
3301,122,136563,06001441301
2144,44,140688,06001421800
2952,69,122609,06001442800
5065,108,191971,06001443102
4053,11,220568,06001443200
7556,122,116812,06001444100
7518,364,109441,06001444500
3641,70,154828,06001450601
5852,134,133981,06001450741
8692,307,170000,06001451101
6250,245,104526,06001441923
6822,246,129583,06001442400
7112,244,126028,06001444200
5505,110,162727,06001450604
8596,140,232250,06001450701
5543,231,98902,06001435800
5371,182,96682,06001435900
5375,350,73243,06001436500
4295,150,65188,06001437702
3888,22,71716,06001438203
3795,141,50875,06107002009
4635,269,27442,06107002601
4604,200,19940,06107003802
6648,465,35213,06107003901
6023,422,43281,06107001602
7541,416,30504,06107004400
3205,142,37500,06107000302
7130,464,46563,06107003602
4611,182,54886,06107002302
1245,61,26591,06107001200
4035,198,54054,06107002500
4702,238,30768,06107003001
9746,400,41335,06107000900
4364,93,106842,06107002006
6796,260,40203,06113010101
3549,107,66172,06113010201
4076,237,50129,06113011400
5047,272,117250,06113010505
5246,105,67583,06113010510
5915,19,53750,06113010703
3270,102,141250,06113010605
6392,159,83341,06053010501
5844,150,96346,06053011000
6284,340,59738,06077003410
4762,118,80591,06077004105
1604,45,90000,06077004106
4402,212,47473,06077004308
3961,327,55284,06077004307
3798,267,40747,06077004403
3606,210,62337,06065044930
2093,26,48750,06065044931
2883,69,74871,06065044932
2153,21,77708,06065045114
1890,47,97292,06065045115
1479,0,60441,06065045116
4053,0,57102,06065045117
4788,249,52292,06065045120
2636,102,43647,06065045118
2772,73,62179,06065045119
3444,24,74036,06079010403
2203,33,63015,06079010404
2630,69,64246,06079010504
3713,111,64250,06079010602
3519,152,101351,06037573403
6052,188,104440,06037574300
4339,270,46250,06037575101
3229,128,27235,06037575803
5549,121,28581,06037222600
6324,337,44075,06037533803
2358,125,34792,06037534101
3027,45,54708,06037219010
5411,348,59180,06037219020
4745,241,41774,06037231400
3690,67,40375,06037234700
4331,114,31732,06037235202
4101,127,32456,06037237600
3796,118,48922,06037237800
4501,360,37259,06037239310
4086,201,44896,06037239320
5637,412,22875,06037240300
4341,117,41277,06037240800
5304,104,87593,06067005801
5161,256,36304,06067006300
3452,218,61133,06067007012
4917,285,66599,06067007204
5710,385,34210,06067007423
4160,142,81944,06067007905
3814,150,62014,06067007906
2493,71,56902,06067008128
7038,256,46336,06067008141
3731,174,53523,06067008142
6561,283,82386,06067008403
5519,359,43713,06067009006
4004,146,65547,06067009112
4276,118,58558,06067009319
4437,175,53805,06067009320
5648,144,79556,06067009321
13952,364,91044,06067009322
3668,115,136875,06067009617
5274,237,78616,06067009618
7863,187,88125,06067009619
7168,381,29183,06067006800
5969,414,43778,06067005601
4405,119,66788,06067005606
2438,19,97235,06067006004
3878,16,70313,06067007010
5001,155,111054,06073020015
5673,79,73922,06073011902
5068,165,64500,06073013909
5865,190,41185,06073016302
5683,274,43193,06073010112
3073,149,44891,06073002301
5062,140,46923,06073003404
4905,233,51629,06073018903
2565,57,71667,06073020208
4660,128,154924,06073008337
7803,458,39439,06073010005
5107,82,50804,06073012402
4946,221,68484,06073013801
5291,271,53409,06073013906
7871,188,55996,06073010110
7615,346,86176,06073016807
7598,197,55878,06073002902
6874,226,59882,06073003115
4297,121,63402,06073003202
4754,157,35911,06073003502
3427,193,54375,06073003602
7307,396,56797,06073004100
7702,166,46658,06073005100
2370,94,99375,06073006100
4535,76,115664,06073007100
2268,136,133958,06073007302
3413,141,144375,06073008102
16363,429,175227,06073008333
10138,300,158627,06073008335
2423,93,155547,06073008336
3764,172,111250,06073008344
5691,122,111773,06073008348
5969,250,102500,06073008501
2828,77,109583,06073008513
8404,324,50417,06073016402
3888,33,125275,06059062800
3236,57,92434,06059063101
2946,38,102286,06059063301
4457,126,127153,06059063302
6360,0,108527,06059063500
6052,126,63146,06059063808
6631,239,96711,06059074102
5021,280,84939,06059074103
6719,191,72985,06059074106
4051,248,75333,06059074300
8382,429,63990,06059074602
3759,77,32519,06099002302
1661,109,52237,06099003400
4669,153,43566,06099003700
5339,121,32730,06099003802
5821,196,71150,06099000201
3700,103,46500,06099000807
5437,96,58455,06099000909
6014,230,55128,06099001001
7308,178,75907,06099003907
2738,190,31272,06099001700
2349,186,26091,06099001800
4833,108,66940,06099001900
4301,208,33438,06077004502
3753,71,85781,06077004703
4621,164,71471,06077004704
3437,194,54615,06077005129
3064,124,73950,06077005130
7055,171,69864,06077005131
3141,159,38654,06077005132
4439,298,77083,06077005133
4970,247,75259,06077005134
8321,266,86817,06077005135
26742,1009,128246,06077005206
7415,286,102995,06077005209
12302,256,108611,06077005210
3352,167,75000,06077005307
4818,161,74857,06077005308
3630,202,80000,06077005405
3495,139,51653,06077005406
4129,74,57604,06077005501
14686,343,119479,06077005207
6652,213,96563,06077005208
1981,66,113269,06077005502
4621,188,71597,06079010002
5029,200,69208,06079010016
1669,43,85089,06079010101
5429,53,74076,06079010503
6937,174,43569,06079010102
6712,270,67194,06079010204
4653,255,78261,06079010205
5389,309,74000,06065043821
2898,90,98646,06065043822
10092,352,119984,06065043823
1122,25,60341,06065044404
5916,54,41319,06059011504
4610,175,131607,06059011709
898,73,70769,06059011714
3570,50,112546,06059021810
3848,155,98846,06059021817
4217,143,170625,06059021921
6833,162,139949,06059032002
6397,111,57352,06059032014
4882,78,69631,06059032037
5700,122,216477,06059032044
5163,148,85769,06001423400
2054,55,90469,06001423901
1605,51,130500,06001423902
4180,145,77375,06001427200
3097,114,95217,06001428500
2107,48,165526,06001430400
3561,89,76845,06001431100
4830,128,95875,06001433500
7685,523,61381,06001433900
7443,160,77361,06017030803
5138,102,61361,06017031200
3495,65,90795,06017031301
2475,67,81735,06017031404
2551,75,107039,06017030502
5326,201,61402,06017031100
4712,34,106007,06017030801
5635,118,83115,06017031406
2467,73,83527,06017031503
5828,318,93125,06037311500
5430,57,42461,06037302103
5314,98,66429,06037310800
6071,163,81536,06037310900
7601,226,72438,06037320100
5637,49,117073,06037400204
3154,176,81853,06037400302
5582,205,69719,06037401101
3377,254,113194,06037401201
5368,173,75964,06037401601
5558,212,77026,06037402101
4046,110,79750,06037403319
6512,33,102292,06037403408
3968,87,74618,06037404902
3638,121,78615,06037405203
4950,75,89332,06037405400
3265,123,82895,06001436700
2700,86,84013,06053001600
4943,84,96957,06053010202
7448,285,94889,06053010603
5643,276,80589,06053010604
1667,11,73750,06053012401
3561,92,76310,06053014301
3878,144,91384,06053000104
7489,319,71607,06053000200
3003,164,85179,06053001200
6521,470,57656,06053010400
2283,71,75486,06053000101
7745,373,52956,06053000400
6479,278,77045,06053010606
2841,62,83409,06053012402
4881,42,119775,06053012800
3379,49,75339,06053013000
3399,197,72821,06053014102
4794,180,61641,06053000300
7302,415,50049,06053000600
2508,116,24813,06053001300
3991,29,141402,06053011900
4074,130,89643,06053012000
2200,365,90903,06053013100
5657,210,41108,06053000900
5024,248,53979,06053010101
7911,202,64883,06017030602
3668,99,65179,06017030603
6779,228,93237,06017030804
2500,132,88077,06017031405
5906,128,64524,06017031504
5446,83,90994,06017030601
4818,74,121806,06017030902
4562,212,47357,06017031302
5591,191,56552,06017030200
6167,149,141413,06017030701
3251,78,102443,06017030901
5889,43,55184,06017031402
6284,73,67803,06017031000
2461,52,63355,06055200202
3747,52,94750,06055200400
5217,176,73333,06019006405
2357,141,27222,06019006201
6202,355,50301,06019006202
6871,523,29084,06019006501
1513,90,58125,06079010603
6720,132,87515,06079010707
5006,99,69512,06079011001
4315,138,47661,06103000800
3375,107,43347,06103000900
4948,86,48522,06103000100
4433,86,46250,06103000300
7692,306,48571,06103000200
6220,55,79000,06103000400
7822,291,46739,06103001100
5130,168,35647,06103000500
6608,265,49017,06103001000
2728,152,35875,06025010200
7303,402,27523,06025010400
5346,254,63527,06067004006
5981,425,62169,06067004010
3111,103,128295,06067004011
7493,404,39533,06067004903
3290,206,58068,06067004906
7108,353,35798,06067005002
3843,200,34000,06067005506
6967,82,86897,06037400800
7108,318,59513,06037401704
7927,156,104643,06037401800
6180,263,50714,06037541801
7155,489,51181,06037542200
3306,101,68203,06037542402
6129,349,61573,06037542700
3776,106,71750,06037543305
7457,314,72548,06037543501
3740,127,71667,06037543903
1982,21,86806,06037550000
5074,124,66650,06037134720
6029,105,77146,06037137201
4549,149,99688,06037137502
2155,34,143875,06037137504
6447,223,205964,06037139702
5482,195,108542,06037143500
4943,186,85262,06037181400
3164,138,156154,06037189400
3627,132,64623,06037185202
3800,193,114318,06037188300
5371,0,63214,06037189902
4453,0,53778,06037190100
4517,83,68011,06073020024
3704,117,88832,06073020106
6077,336,49243,06073020206
5224,341,39968,06073020209
6481,71,46333,06073020211
6813,210,108958,06073020304
7434,197,64638,06073020307
6234,302,57822,06073020601
3168,86,79556,06073001100
4448,162,65074,06073001700
5417,239,55156,06073001800
3271,87,100833,06073001900
5471,125,66811,06073002100
4791,164,51792,06073002401
5395,117,28462,06073002708
4470,130,33958,06073002709
4897,92,53036,06073002803
6642,368,62244,06037670100
5797,349,83333,06111004200
2035,145,48155,06111004600
4624,195,122344,06111001800
620,0,59028,06111000100
1697,89,53558,06111000500
2503,54,66667,06111000901
2026,32,99375,06111000902
1645,31,51250,06111002102
6196,310,36420,06071009712
4216,156,80625,06071009717
3126,83,36509,06071010410
6928,254,109105,06071000104
6350,211,88264,06071000401
5680,135,85938,06071001703
11473,579,73401,06071002301
6840,261,53925,06071002501
7654,482,57100,06071003401
3975,97,56417,06071003403
7113,318,31587,06071004900
4013,224,22091,06071005800
7368,271,43138,06071007000
4508,211,51804,06071005200
6534,247,51989,06111002300
9631,344,86659,06111003605
6947,226,75021,06111004101
1372,14,59000,06111004704
8184,281,76389,06059074701
5195,209,66688,06059087801
4614,201,65548,06059087105
7725,233,58179,06059087200
3701,167,49921,06059087403
4527,83,75139,06059088001
5008,182,59081,06059088106
4700,148,59441,06059088402
5019,141,67875,06059088902
5684,140,57250,06059088904
3074,43,88803,06059099233
7490,444,82697,06059099305
4131,282,36037,06077004404
2377,128,48250,06077004501
4312,124,109700,06111005401
5227,110,71997,06111005502
4255,196,105452,06111005504
4843,236,87039,06111008201
3895,140,79704,06111008303
2892,74,108813,06111005908
7911,266,62153,06037404801
3169,115,66316,06037405002
5825,272,79728,06037405800
2043,41,95795,06037406402
4866,153,96042,06037406800
6284,267,80592,06037407001
4892,287,66625,06037480804
2373,43,96618,06037463101
4487,143,75216,06037480102
4672,116,75326,06037480302
4369,96,51591,06037481001
4489,53,69452,06037481500
3701,88,58137,06037481604
4246,95,45554,06037481711
5775,102,94943,06037481901
4750,108,61667,06037482101
4076,111,46768,06037482201
5087,190,57361,06037482202
4293,85,62675,06037482503
4323,128,74148,06037482701
4856,156,54375,06037500402
5036,162,66808,06037502100
6784,307,78617,06037503302
6347,312,44083,06037101210
1463,0,82448,06065044405
3971,144,31778,06065044515
6109,71,40720,06065044516
2435,22,72010,06065044517
5302,198,45944,06065044518
1424,7,46750,06065044520
1332,47,38514,06065044521
3812,32,26150,06065044522
6107,384,36827,06065044605
2734,58,61136,06065044606
5033,77,82097,06065044917
4479,125,68083,06081611800
4538,250,128429,06081612600
7148,103,237163,06081613200
3154,89,250001,06081613400
8999,301,137446,06081613700
3584,160,162111,06081608300
3431,162,185893,06081609300
2219,81,250001,06081612700
4788,91,187292,06081612900
2970,48,250001,06081613300
6108,130,105066,06081613600
6999,375,148839,06081608700
5226,97,189914,06081609603
10368,304,100038,06081611900
3591,186,250001,06081612800
6697,220,126588,06081601800
7804,273,68520,06081600800
6940,235,94336,06081601200
8489,197,124063,06081602600
3388,142,140000,06081603100
3811,103,130577,06081604500
3048,72,146480,06001442700
7695,464,95292,06001451201
6191,323,106542,06001451401
6809,207,96638,06001451602
5051,139,114598,06001400300
1801,87,65655,06001401800
5891,293,181023,06001404502
5159,212,97875,06001406700
7096,239,47350,06001408600
4687,295,47426,06001409000
3516,137,86711,06001409800
3242,177,115268,06001410000
3594,83,166071,06001421200
7893,334,162045,06085502902
6459,342,118972,06085504507
1016,18,74904,06085504601
5516,268,102311,06085504802
9956,603,161505,06085504901
3266,27,157050,06085505304
5859,226,123500,06085505305
6241,192,92969,06085506503
2919,0,72125,06065044918
5011,31,44896,06065044919
2448,37,116875,06065044921
5812,232,96875,06065044922
4122,173,68631,06065044923
3998,151,61486,06065044924
3978,121,77000,06065044925
5407,118,39965,06065044926
3619,85,65135,06065044927
3342,18,82850,06065044928
3627,22,71328,06065044929
3409,69,69135,06079011002
3375,113,109957,06079011503
1958,16,143500,06079011504
4432,24,86719,06079011701
3729,15,82845,06079011704
5835,137,64448,06079012102
10975,232,89516,06079012304
4884,132,83409,06079012505
4880,109,90496,06079012900
2741,158,84420,06079013000
0,0,,06079990000
5068,130,101083,06081600402
4363,83,101711,06081601901
3115,136,92803,06081600401
5604,52,111875,06081601902
2384,85,82109,06081603801
5083,196,131920,06081603802
3628,200,160708,06081609201
4838,114,117045,06081609202
7097,306,207083,06081613900
5695,190,139828,06081614000
0,0,,06081984300
0,0,,06081990100
2604,38,61776,06083000301
4391,126,72446,06083000302
4414,280,42798,06029005508
6604,286,94506,06029005801
9479,222,43598,06029005802
2897,52,182831,06037620904
4086,48,124918,06037621004
5211,294,88750,06071002025
5415,172,68988,06071002027
5229,109,76681,06071002028
5886,206,107708,06071002029
6262,247,120714,06071002031
7734,163,99972,06071002033
15502,517,108145,06071002034
7445,225,89650,06071002035
14218,1155,80802,06071002036
4960,252,55179,06071002101
7949,146,104423,06071002037
6890,262,110348,06071002038
5334,387,47188,06071002103
5920,298,74592,06071002105
5577,210,52457,06071002107
6121,202,62500,06071002109
7460,622,64511,06071002110
7293,251,79375,06071002206
5553,198,55852,06071002207
21798,941,101642,06071002304
10909,332,77000,06071002305
4079,138,91813,06071002306
5149,159,78103,06071002307
5592,232,80078,06071002604
7857,259,84549,06071002606
8987,315,96014,06071002607
5670,198,90893,06071002703
11527,520,104848,06071002704
5273,82,79063,06071002705
14133,808,109010,06071002706
5781,325,70353,06071002801
5306,357,37188,06071003301
4226,232,50972,06071002803
3449,55,131250,06111005204
6072,262,131165,06111005205
5257,154,157667,06111005801
9547,378,144375,06111005802
6026,194,122167,06111007405
5270,459,129107,06059099906
4953,160,109259,06059110004
1767,52,133654,06111007513
6317,196,92099,06111007514
2530,81,130625,06111007609
5339,102,122841,06111007610
3923,187,73750,06111007611
5071,215,74500,06111007612
4894,252,166094,06111007613
8375,263,100507,06111007614
7920,324,51809,06111008600
6029,230,48458,06111008700
5582,165,82917,06111008800
3385,113,79205,06111008900
4870,154,38444,06111009100
118,0,,06111980000
0,0,,06111990100
8701,361,99489,06113010302
5699,228,109324,06113010310
5617,281,99375,06113010312
4771,169,108750,06113010401
4548,421,127188,06113010402
3422,69,74038,06113010511
4106,58,76328,06113010512
2918,68,55096,06113010513
3306,167,33281,06115040301
2396,143,29295,06115040302
8940,471,78622,06115040303
5623,206,64969,06111005304
4843,171,129318,06111005306
3924,155,99091,06111005404
6846,175,60104,06111007100
3606,147,162159,06111007201
3970,149,88563,06111008306
8106,516,97129,06111008500
5854,96,76916,06111000903
5147,272,69960,06111001201
6654,254,67604,06059011403
3237,109,86111,06059001102
4745,105,82969,06059001507
4191,207,73654,06059011101
4566,143,63061,06059011708
3455,165,110875,06059011710
3825,107,97083,06059021903
4365,82,166719,06059021912
8953,158,95436,06073018514
3899,111,87298,06073018516
5491,261,97151,06073018601
6437,157,74958,06073018609
3911,36,90857,06073018801
6891,326,57473,06073018905
5397,210,85340,06073019602
4276,242,70764,06073019902
4309,163,77219,06073019905
14679,642,133731,06073020013
9713,570,162143,06073020016
6701,300,79267,06073020021
6789,272,44750,06073020202
5078,276,61607,06073020500
3179,147,37981,06033001200
6655,177,89559,06037406500
6082,118,91458,06037407900
5177,119,67029,06037408628
5625,218,72656,06037408705
4387,169,46635,06037408800
3129,89,41375,06037123204
2492,96,46083,06037123205
5002,261,26356,06037238310
3737,140,30612,06037240010
6167,382,43250,06037240600
6596,389,43584,06037240700
2852,128,18177,06037242100
2491,117,93750,06037603703
5726,198,116602,06037620501
5278,330,92684,06037620601
7844,442,156394,06037620800
4373,183,136285,06037621001
6724,160,120022,06037621201
5036,159,99750,06037651101
5707,347,76667,06037670003
3820,115,146771,06037670201
6269,175,94963,06037670407
5649,65,200292,06037670702
5021,122,191066,06037700600
7352,236,90444,06037700902
4194,125,136500,06037701601
4817,72,52050,06013368001
3782,97,54821,06013368002
11304,390,84604,06013392200
3126,123,156307,06013392300
0,0,,06013990000
2428,272,31053,06015000104
6714,282,57140,06015000105
0,0,,06015990000
2712,144,56513,06017030301
2859,76,47500,06017030302
2460,48,78011,06017030504
2398,72,80294,06017030505
6492,131,125732,06017030706
4697,149,156528,06017030709
5029,91,151466,06017030710
6167,310,57321,06037406102
4008,90,105898,06017030807
6266,185,100259,06017030808
4810,192,25247,06019006502
2312,122,44375,06019006603
8738,502,158494,06081608004
2598,62,174063,06081608023
3775,201,140804,06081608100
2675,84,129226,06081608502
5051,185,113484,06081600100
6406,209,133250,06081601100
8524,360,75321,06081601300
5256,105,110221,06081601501
4335,179,124496,06081601700
8593,158,106402,06081602000
7554,266,101151,06081602400
4371,122,122148,06081603000
3290,73,104260,06037463900
6073,188,161979,06037464200
3053,122,49229,06037297120
3356,45,82955,06037297400
3264,132,110792,06037300501
5874,125,67407,06037300502
5230,228,68967,06037301000
4446,84,65947,06037301602
3985,115,55795,06037302301
3171,127,77147,06037311200
4274,86,63098,06037502500
6939,255,77170,06037502601
4477,109,56688,06037502602
4168,138,48750,06037502902
4129,114,104069,06037503402
4840,178,69981,06037503701
4900,202,102711,06037503802
5285,112,42056,06037530101
3719,124,44750,06037530500
2881,132,151364,06037310300
5365,111,133715,06037400206
6223,116,96466,06037401902
1835,36,106250,06037403500
3625,85,82011,06037555002
3841,165,55724,06037572301
4151,104,36551,06037575102
3146,25,59688,06037600911
4258,70,76447,06037603600
879,16,135991,06037621002
5162,77,104338,06037700400
2463,51,88988,06037192300
4978,128,127768,06037195100
2000,55,41136,06037195720
3660,115,34277,06037199201
5695,394,56161,06037203200
4829,162,45108,06037203800
5510,357,54809,06037204700
5277,236,46440,06037204810
2151,43,104604,06037216100
3835,107,79730,06037216700
3373,57,70054,06037600704
2381,177,32143,06037601001
2880,148,44934,06037601211
3918,230,42794,06037601501
2834,158,40870,06037601801
3057,144,45846,06037602002
4116,174,57391,06037602105
5279,66,138906,06037620400
5366,198,85025,06037650901
6459,196,89207,06037651222
7087,182,65625,06073005200
3816,47,116800,06073006000
2195,109,31875,06073005000
23,0,,06073006200
3978,39,70797,06073007600
3971,169,150924,06073017047
2874,140,180417,06073017107
6595,160,90263,06073018504
5454,209,47875,06073018509
4704,76,61607,06073018517
4092,204,87845,06073018612
6726,271,105063,06073019301
5928,458,46472,06073019502
7835,381,124063,06073020014
3923,234,86528,06073020107
4826,154,121535,06065041804
4858,215,138424,06065041806
5821,100,125417,06065042005
3378,150,51875,06065042512
4797,120,77713,06065042507
3325,122,49219,06065042509
2973,77,62875,06065042513
4928,213,44028,06065042520
5338,169,51624,06065042521
5969,510,40540,06111000600
2560,132,78056,06111001001
6357,63,78277,06111001002
7944,263,100344,06111001301
6350,503,55000,06111002200
5374,105,86375,06111002500
5665,55,94063,06111002901
3702,84,99375,06111005700
6502,167,111500,06111006301
4277,240,77292,06111007000
5668,105,100000,06111007904
5853,181,96617,06111008304
5151,120,87778,06111001506
4398,120,78115,06111002700
6693,256,76250,06111002800
14299,799,111919,06111003100
5762,107,108083,06111005203
12354,625,72662,06065042619
14520,496,75853,06065042620
7938,300,79395,06065042621
4827,204,73715,06065042622
3939,312,88579,06065042623
4390,74,95926,06065042624
4054,139,100673,06065042724
2229,102,74554,06065042728
9987,310,53373,06065042729
5684,178,48401,06065042730
9300,370,103000,06065042726
8161,318,74458,06065042731
6571,256,89263,06065042732
4182,167,188424,06037261200
5146,210,46678,06037229100
2445,123,89219,06037271100
5462,104,90261,06037275311
2943,90,87000,06037482102
7121,252,168438,06037464100
6598,227,60847,06037481402
4524,272,71401,06037482800
4144,199,97277,06037503201
5444,106,96101,06037651001
4356,96,162614,06037670411
5936,358,100391,06037701000
9852,235,118162,06037702901
5337,212,85450,06037901102
3093,64,89946,06037106010
5420,104,79703,06037106020
4191,143,95288,06037106111
6324,268,58194,06037106114
2961,78,109063,06037106642
3099,91,146932,06037108103
4952,264,26515,06037242300
4903,231,49531,06037407701
5811,201,49833,06037406200
3363,98,238846,06081609601
4884,215,148333,06081609800
4871,213,70938,06081610800
7137,156,68269,06081610900
7895,259,98679,06065043227
3842,116,71500,06065043228
10588,778,113571,06065043235
5110,98,52772,06065043229
7763,187,100556,06065043239
12415,807,116354,06065043240
9531,469,105674,06065043242
6109,273,85250,06075031302
5211,180,120260,06075032601
4753,53,108179,06075032602
4401,19,111250,06075032801
4432,69,116473,06075032802
5615,138,128681,06075032901
4457,101,106307,06075032902
3956,44,54861,06075033203
4698,83,73250,06075033204
4004,103,96382,06075042601
2861,149,130742,06075042602
4421,148,106016,06075047801
3869,84,96496,06075047802
4477,113,20373,06075061100
3842,55,67625,06075061200
6283,296,135638,06075061400
312,7,154167,06075980200
63,0,139375,06075980300
0,0,,06075980401
507,28,12340,06075980501
690,5,66042,06075980600
253,0,,06075980900
0,0,,06075990100
7624,621,60160,06077000801
3426,138,59643,06001423500
2583,120,74914,06001424002
5309,245,77958,06001430900
2777,165,71098,06001431000
3979,79,124318,06001432800
4485,151,81744,06001433102
3503,141,82782,06001433700
2420,34,60167,06001407300
3694,111,171296,06001421500
757,0,9191,06055200900
5803,271,110536,06065043246
14002,673,115078,06065043247
4670,294,120611,06065043248
9584,372,118920,06065043252
10048,401,97182,06065043250
5193,196,84621,06065043254
3783,112,92964,06065043256
9318,182,113125,06065043257
5287,261,110543,06065043262
7862,222,104265,06065043264
8221,299,111528,06065043265
5763,306,72927,06065043266
6185,136,101250,06065043267
6071,204,102091,06065043270
3977,150,76914,06065043271
4957,167,111813,06065043272
3855,83,104274,06065043276
6360,267,121359,06065043278
5075,307,73393,06065043279
9081,105,71203,06065043291
3872,56,40417,06065043316
8443,373,78511,06065043317
7618,277,53417,06065043512
3532,117,47250,06065043513
7811,422,69940,06065043517
2383,105,85335,06065043274
4952,54,74154,06065043810
4031,38,63013,06065043811
6526,0,54125,06065043812
944,0,46164,06065043814
5198,384,39509,06065043601
3389,75,40950,06065043602
4912,249,44967,06065043813
4567,254,82157,06065043818
6396,106,64470,06083000804
4336,149,62857,06083001206
4331,100,87037,06083001208
8127,289,77600,06083001304
5402,143,133864,06071002021
13434,380,152740,06071002022
5846,149,63777,06071002023
5081,88,78011,06055201200
5868,270,113617,06073009704
7217,384,60690,06073008800
5112,81,81250,06073009106
2936,112,229583,06073008311
6480,191,77708,06073013606
3523,177,54077,06073013802
3897,85,87298,06073013905
6513,251,81627,06073014200
4131,87,63304,06073014300
3773,67,119211,06073015200
3560,186,59643,06073015301
5569,79,108636,06073015405
2432,93,114306,06073015602
3936,341,50580,06073015704
6322,302,95214,06073016100
5338,320,43458,06073016301
7830,344,64759,06073016605
3575,186,105350,06073016606
7432,609,90058,06073016607
5936,156,97122,06073016612
7213,184,77566,06073016802
4856,121,61696,06073016806
25348,1607,139233,06073017030
4170,243,105391,06073017031
8163,350,130477,06073017042
5826,258,153854,06073017044
2686,74,156033,06073017045
38754,2937,49578,06073018700
4841,214,82250,06073018803
10544,507,96978,06073019106
7468,205,78310,06073019601
2970,92,87321,06073008200
2924,80,119375,06073008301
1460,153,42193,06073008305
3914,147,92589,06073008307
7226,184,171250,06073008324
2390,82,157393,06111007406
4500,127,129132,06111007509
6421,196,178388,06111007510
2217,69,158500,06111007511
5579,192,100278,06111007512
7877,422,42868,06047001602
2345,93,48806,06047001902
6759,218,91576,06047002301
15950,650,66269,06047002302
5517,332,40987,06047001901
2873,149,23283,06047001302
10132,380,55500,06047000304
4719,172,43446,06047000601
4281,264,35396,06047001003
4423,202,45184,06047001402
6684,372,42083,06047001700
5719,115,102946,06047001801
8712,64,60521,06047002000
4192,166,56310,06047000602
5882,305,62900,06047000603
2461,79,36892,06047001005
2662,76,30714,06047001301
2425,63,66492,06047001501
4585,246,27125,06047001503
5646,145,55504,06033000400
3955,236,46512,06033000600
6608,211,67335,06033000900
3376,237,54827,06033000100
7108,106,68814,06033001300
4307,158,46865,06033000300
2849,0,57434,06033001100
4538,102,69375,06001435400
5063,233,97031,06001436000
6938,275,90769,06001436601
7489,330,91618,06001437200
4190,114,127578,06001440305
2757,126,85729,06001438400
4322,147,104211,06001440306
3505,119,174079,06001440332
6175,255,163679,06001441521
7761,316,135966,06001442900
6930,281,107930,06001443002
4107,110,198158,06001443103
7286,321,117448,06001450400
5155,148,157388,06001450603
7041,161,123838,06059021920
4487,105,61622,06001422400
4400,62,62240,06001422500
1043,0,222500,06001422600
4413,80,73571,06001423100
6521,108,250001,06001426100
2760,37,107404,06037408134
5569,229,67464,06037408301
3076,69,104141,06037408627
6545,187,124643,06037408703
6902,219,81866,06037430502
4365,191,75891,06037430723
7669,140,71066,06037431001
4471,204,66154,06037432202
4852,188,65321,06037432602
5077,271,39474,06037432802
5066,229,66174,06037433601
6058,165,71250,06037461600
2827,132,81424,06037462800
1513,17,250001,06037670500
3381,170,126875,06037701202
6839,270,114514,06037702300
6721,56,101534,06037703002
6065,155,162048,06037800202
5613,220,56757,06037900300
2039,87,87188,06037910709
5360,252,47262,06037572900
5009,311,107431,06037573700
6631,295,100096,06037574500
2143,63,53631,06037533502
2141,96,53542,06037533503
2998,93,36845,06037533701
4628,178,50000,06037534002
6219,354,39384,06037534102
4440,126,46081,06037535605
5807,224,48663,06037540203
3318,173,64490,06037541002
5306,273,56557,06037541802
4531,139,52333,06037543000
4109,152,91094,06037113211
4823,188,59598,06037113234
6647,128,65208,06037115201
3012,68,96786,06037408629
4723,252,69215,06037430724
4965,196,111136,06037702501
3980,267,47538,06037900705
3878,207,84182,06037463102
7566,232,53901,06037482402
5098,102,58214,06037533401
4320,165,50943,06037534301
4708,237,55481,06037542000
3661,162,51971,06075023400
5267,127,168536,06075016500
7024,267,168828,06075030700
9116,349,142859,06075035100
4719,38,170792,06075013000
3644,79,119116,06075026002
5102,161,83824,06075026402
5914,134,152900,06075030301
6226,164,173500,06075030800
3427,126,136172,06075025402
7903,120,80784,06075026200
4135,62,147229,06075021600
7103,21,177694,06075030900
7589,213,99917,06075047901
3040,100,52148,06091010000
4929,273,37050,06073003501
4251,146,66563,06037502004
2322,67,75565,06065031702
7457,401,57461,06065046403
6290,216,60789,06065045110
3906,70,111056,06001425102
2795,54,122044,06001425103
6842,314,164297,06001430101
2424,62,141563,06001430102
3539,109,72315,06001425104
4472,201,70893,06001428700
4854,186,64702,06001432501
5178,194,75938,06001432502
3523,110,59453,06001433103
3724,185,53708,06001433104
7420,138,184071,06001435103
6117,331,84290,06001435104
5662,281,72222,06001435601
5453,299,79290,06001435602
7867,193,118939,06001437101
4521,106,69615,06001437102
3773,154,64559,06001437701
3519,98,100597,06065042714
5470,270,59500,06065042719
9515,380,40923,06065042800
5519,226,102283,06065043211
5338,133,92156,06065043218
4610,202,57569,06065043220
3875,326,36628,06065043503
4046,111,52955,06065043809
2907,150,37622,06065044102
5266,72,50674,06065044402
3693,114,26806,06065044509
2907,0,52560,06065044602
5627,220,85000,06065042410
4271,78,66429,06065042213
2327,78,78500,06065042411
4965,165,91944,06065042412
2403,21,54960,06065031701
11457,504,61298,06065042617
8788,316,57135,06065042618
6110,98,58960,06113010902
3739,81,87522,06113011002
2895,117,100042,06113011203
7729,389,58030,06113010102
8606,42,25236,06113010501
5140,37,50798,06113010701
9269,411,94253,06113011206
5355,239,24232,06113010203
7745,178,83239,06113010606
5033,295,87205,06037553000
3495,44,70662,06037553400
4954,191,56842,06037553801
4140,92,99097,06037554511
3793,77,106520,06037554515
4510,51,106354,06037554517
3498,18,109663,06037554519
7636,144,68079,06037554900
4873,121,86964,06037555103
8042,319,61224,06037570501
6588,288,66364,06037570502
8175,273,93781,06037571200
4484,131,99709,06037571300
5413,115,66993,06037571900
3610,121,75750,06037572302
3643,231,29577,06037572500
2375,65,123819,06037273600
4838,256,116141,06037274100
11856,753,94936,06065042733
2766,123,106129,06065042737
8614,449,89500,06065042738
7631,266,110150,06065042739
1858,0,40089,06065042740
2087,0,30061,06065042741
4846,269,95396,06065042742
4573,134,88272,06065042744
7427,450,73991,06065043008
3528,236,101650,06065042743
5413,18,54726,06065042745
7420,381,111179,06065043007
5712,195,98203,06065043009
5956,202,76083,06065043010
4416,186,41766,06037123104
2691,16,64712,06037124600
5779,220,44955,06037127102
5000,156,46413,06037128302
5810,149,76202,06037128702
5028,122,68107,06037503202
6444,165,61535,06037503501
4655,141,90125,06037503502
9,0,,06037504102
4636,114,85083,06037265700
4235,120,68913,06037267300
3632,145,86343,06037267502
3276,56,94185,06037267700
3226,55,67516,06037270200
2770,12,71393,06037271200
4578,158,94911,06037272100
3045,57,84583,06037272301
4457,106,59286,06037272302
4069,107,137027,06037275400
4115,138,138929,06037276601
4391,311,43544,06037291110
2407,67,53393,06037291120
4334,339,49773,06037294610
4683,238,44148,06037294620
4134,75,44527,06037294830
3447,37,35870,06037296500
7375,470,155069,06037620702
4305,154,107621,06037621400
2856,218,29020,06077002201
5079,379,38141,06077002202
5328,310,41587,06077002401
1663,33,32417,06077002402
2258,116,25179,06077002503
3884,64,62448,06077002504
3324,103,68869,06077003216
3749,139,43720,06077003217
3083,179,30729,06077003312
2895,167,37943,06077003313
4159,141,39527,06077003409
9755,371,94170,06065043244
3675,75,143567,06073017020
2898,30,108977,06073017501
3494,164,98625,06073009703
5199,279,47750,06073010012
7401,143,44624,06073011802
4133,59,63565,06073002705
3555,119,75708,06073003211
3359,59,58112,06073006500
4989,81,85966,06073008511
4868,164,42421,06073012700
5546,174,63940,06073018519
2067,97,80500,06073019107
7883,607,128338,06073020020
6054,115,149583,06073007200
4477,62,107443,06073015302
5340,169,80272,06073016401
1881,62,103935,06073016613
5060,321,41680,06099000803
5933,297,70383,06099000906
3284,102,59321,06099001002
4153,189,44970,06099001100
4857,365,44229,06099001601
4801,433,40109,06099002604
5823,370,67881,06099002801
6669,225,54983,06099002802
5404,244,32361,06099003906
11695,406,90092,06099000402
6104,233,58483,06099000404
5876,268,71701,06099000905
5468,166,53951,06099000908
17392,625,106587,06099000912
4342,177,38438,06099002002
4870,139,83712,06065043820
7635,209,51942,06065031401
3543,208,104732,06065040807
2750,153,41875,06065041001
5566,183,137961,06037277000
3626,194,67587,06037291130
3640,209,50260,06037291220
5079,119,50926,06037294410
3132,228,40145,06037296210
3437,164,79766,06065042408
7966,244,70174,06065043206
6764,475,38094,06065043307
2837,263,35000,06065043309
2548,161,50536,06065043311
2689,41,28299,06065043404
5927,225,71156,06065030700
3277,207,64837,06065031300
4392,86,250001,06085511701
6817,86,135298,06085512005
1527,89,98393,06085512100
4635,35,103315,06085512401
8306,204,104830,06085500100
2657,160,92284,06085500400
5500,188,133162,06085500500
7716,293,62932,06085501600
4823,203,121786,06085501800
5401,137,76922,06085501900
6052,222,83580,06085502002
8456,304,162933,06085502702
4041,77,102161,06019005514
2779,53,73239,06019006402
4943,242,37760,06019007002
5813,151,58341,06019007004
7637,537,33916,06019007100
5199,173,95605,06019005703
6398,326,94392,06019005904
7507,354,78295,06019006300
6768,333,36968,06019008200
7406,375,36717,06019008302
980,7,50556,06019008402
6799,515,27033,06019005100
4693,200,75583,06019005405
2268,14,17132,06019005408
6104,206,122614,06085502901
4109,160,61140,06047000802
4028,174,59968,06047000901
9505,458,62926,06047000902
5636,314,63299,06047001200
4194,327,42193,06047001401
2329,133,31771,06047001502
4246,255,55719,06047002100
4659,134,81833,06037134103
3312,47,72455,06037432902
2896,88,52464,06037433602
5386,479,119289,06037920108
4211,205,104559,06037920112
6324,189,112317,06037920326
3884,77,81776,06037101300
3781,87,105909,06037103300
3270,142,69000,06037104401
3025,154,64229,06037104500
5317,347,84289,06037107020
3179,96,91648,06037111100
5163,43,62865,06037111302
8735,165,61467,06037111400
6125,294,82675,06001440200
6171,213,115000,06001440308
6546,174,163583,06001441501
7374,163,95729,06001442500
5212,347,115729,06001450300
5717,222,104139,06001450607
2137,85,179250,06001404700
4197,184,121731,06001404900
5183,121,90532,06001405200
4383,107,49323,06001406300
3120,40,219861,06001400100
4069,145,77045,06001400800
6133,116,82895,06001401000
4569,84,88846,06075047701
3927,71,114205,06075047702
3511,115,29471,06075060502
13222,222,161496,06075060700
3632,80,108850,06075047902
1596,21,69182,06075060400
4486,73,141544,06075010900
1570,26,37656,06075011800
3859,54,75711,06075012100
4556,200,182368,06075012800
6254,154,190521,06001450606
4003,125,181458,06001451102
5188,293,143051,06001451202
5266,0,41080,06001422700
4597,89,132813,06075020900
4095,166,176469,06075021800
3213,151,203158,06075022600
4549,181,37981,06075023102
3473,141,159375,06075025100
4287,36,204821,06075017000
3457,84,179444,06075018000
5674,204,196500,06075021500
5224,91,137807,06075022803
3499,155,64231,06065041203
3336,157,91667,06065041812
3391,109,63977,06065041905
5622,240,88594,06065041909
5058,210,89839,06065042007
8126,436,76488,06065042009
6511,418,77115,06065042212
3335,105,56130,06065042517
14869,571,90888,06065042715
6126,450,63009,06065042903
3534,183,37703,06065043310
3148,10,32036,06065043505
6676,225,35982,06065043507
5735,81,36828,06065044103
2983,168,72045,06065044104
6817,199,30169,06065044507
4151,138,63264,06065044604
5334,42,44365,06065044916
6728,165,117852,06065041808
6933,238,92576,06065042214
4122,115,97350,06065042403
3467,96,72619,06065042409
3357,186,46173,06065042511
4378,216,47058,06065042516
8416,537,59863,06065042706
4674,153,48152,06065042709
5181,294,57684,06065042717
2460,43,44545,06085503105
10204,297,149500,06085505001
5197,225,128800,06085505301
5969,183,126923,06085500200
5235,203,122050,06085502701
5172,155,150139,06085502903
3589,214,146600,06085503002
4917,89,49844,06085503110
5132,154,99423,06085503111
5052,245,76528,06085503113
4925,150,72847,06085503213
8468,412,60136,06085503214
3620,89,107098,06085503511
5602,146,66058,06085503602
5095,141,94531,06085504101
4760,80,124904,06085504316
5574,207,108854,06085504321
9011,503,140772,06085504505
7021,580,143764,06085504803
5964,137,128424,06085505203
8742,574,129359,06085505403
4158,116,149583,06085506102
5566,55,199479,06085507600
3534,119,161571,06085507701
5580,124,218229,06085507808
4202,124,71389,06037270100
5657,209,144688,06037276000
5768,203,61277,06037291210
6740,381,42877,06037293202
5015,257,45400,06037576402
3935,117,73041,06037576700
5382,117,47031,06037430101
1026,21,95417,06037430200
4642,163,128298,06037430400
4202,79,86538,06037431400
6986,551,42750,06037533603
4049,169,43426,06037533902
3206,129,34556,06037534203
4351,238,45875,06037534405
5226,159,55811,06037534501
4435,91,71042,06037534700
3898,255,41599,06037535501
5328,172,45739,06037535804
7116,391,39707,06037540202
4728,231,59200,06037540300
6713,188,57386,06037540501
1144,52,50060,06037541001
3551,45,79783,06075015500
5340,69,24450,06075016100
4658,195,145054,06075016300
10343,119,55998,06075017601
6343,198,71750,06075020100
5191,209,149057,06075020600
2174,108,41875,06037104703
4321,111,43338,06037104704
3551,106,70231,06037104821
2839,143,60515,06037104822
4758,242,59352,06037106405
5839,231,85115,06037106406
732,45,131375,06037800331
6543,137,139145,06037800332
2529,46,145260,06037800406
7274,125,149026,06037800408
4031,64,116190,06037800410
2334,33,168235,06037800504
3270,114,169125,06037800506
5939,282,38188,06037900103
5822,118,48444,06037900104
1129,33,49625,06037900201
3427,117,40556,06037900505
4188,257,56290,06037900506
7333,318,45196,06037900507
4016,197,71458,06037900508
3445,89,55585,06037900608
2744,117,60147,06037901008
4978,287,34306,06037900609
5388,168,76938,06037901009
3054,32,44012,06027000800
10285,476,79441,06029003205
2231,0,,06029004603
21438,1500,82218,06029003206
4199,90,54314,06029003306
3487,10,35510,06029003305
14840,587,58536,06029004604
11517,553,37492,06029004701
3761,284,30862,06029004702
3797,249,32891,06029005003
7061,324,51000,06029005004
4942,213,36672,06029005203
5963,26,31943,06029005204
7067,241,50975,06029005507
4197,28,90822,06085500901
4623,146,61828,06085501501
5081,160,109450,06085502101
3291,218,63429,06099002603
6838,424,53091,06099002702
4615,143,71500,06099002901
4652,150,49129,06099003904
2440,50,139196,06001420100
5761,27,30978,06001422900
4382,164,98409,06001436800
7173,423,91375,06001436401
4477,208,73996,06001410400
4027,43,80238,06001424001
2816,31,88934,06001432700
8013,465,174891,06001441503
3893,83,159412,06001450605
5934,216,93269,06001433400
7277,248,106923,06001441200
5477,337,93094,06001444400
4266,291,52660,06001436200
2321,76,77750,06001437900
8527,500,112617,06001441700
4960,242,44879,06067006003
4886,337,35336,06067006101
3367,194,34246,06067006102
3254,72,87692,06019004506
4548,132,60886,06019005000
5254,257,85000,06019005702
6101,260,64156,06019006403
4273,106,50335,06019007600
5360,234,72719,06019008000
8857,447,36685,06019008401
5328,228,62897,06019004406
6923,412,37371,06019004701
3050,214,21066,06019005202
5365,270,33361,06019005304
3648,166,58726,06019005305
6359,265,151385,06059052428
5202,195,107500,06059052514
5909,311,85584,06059099306
8190,665,61298,06059099402
2380,16,105417,06059099407
3275,91,99838,06059099602
6441,151,57743,06059099701
5697,160,36572,06059099803
4786,71,124844,06085504317
4724,156,114554,06085504410
4873,102,82966,06085504412
3505,62,247955,06085511400
5125,127,145089,06085509902
5240,211,157313,06085510700
2635,50,244250,06085511702
5523,233,84417,06085512022
4830,259,112422,06085512027
2997,130,116932,06085512032
9884,441,116098,06085512033
4924,185,142019,06085512035
3878,91,85268,06029006006
6245,319,54837,06029006007
6011,132,76818,06029006008
5922,473,37592,06029006303
4395,372,31549,06029006304
6603,471,43518,06029006403
3170,243,29831,06029006404
4501,64,34000,06029006500
2646,100,37479,06031001401
2168,140,35433,06031001402
2972,0,,06031981800
3047,51,42101,06033000501
2446,106,47472,06033000502
4171,57,29052,06033000701
4107,298,31154,06033000702
4897,175,120964,06085504314
2703,84,28902,06033000801
4617,218,36520,06033000802
2400,144,43836,06035040303
1600,83,43182,06035040304
3001,187,64131,06035040305
3721,127,80789,06037102104
4349,3,109375,06037102107
3405,34,90389,06037101122
1905,34,57614,06037102105
1763,35,76833,06037102103
3875,206,77885,06037104124
6001,186,51875,06037104108
5441,137,49609,06037104203
3679,95,59000,06037104204
3341,114,60804,06037104403
3084,180,56974,06037104404
